Codi_centre;Denominació_completa;Codi_naturalesa;Nom_naturalesa;Codi_titularitat;Nom_titularitat;Adreça;Codi_postal;Telèfon;Codi_delegació;Nom_delegació;Codi_comarca;Nom_comarca;Codi_municipi;Nom_municipi;Codi_districte_municipal;Nom_DM;Codi_localitat;Nom_localitat;Coordenades_UTM_X;Coordenades_UTM_Y;Coordenades_GEO_X;Coordenades_GEO_Y;E-mail_centre;Estudis;EINF1C;EINF2C;EPRI;ESO;BATX;AA01;CFPM;PPAS;AA03;CFPS;EE;IFE;PFI;PA01;CFAM;PA02;CFAS;ESDI;ESCM;ESCS;ADR;CRBC;IDI;DANE;DANP;DANS;MUSE;MUSP;MUSS;TEGM;TEGS;ESTR;ADULTS
8003014;Jesús María - Claudina Thévenet;2;Privat;24;Ordes i Congregacions Catòlics;rbla. Caçador, 6-12;8042;934270125.0;108;Consorci d'Educació de Barcelona;13;Barcelonès;8019;Barcelona;8;Nou Barris;1;Barcelona;430491;4588016;2,167951;41,44071;a8003014@xtec.cat;EINF2C EPRI ESO;;EINF2C;EPRI;ESO;;;;;;;;;;;;;;;;;;;;;;;;;;;;;
8003361;Maristes Anna Ravell;2;Privat;22;Fundacions;c. Blasco de Garay, 52;8004;934425027.0;108;Consorci d'Educació de Barcelona;13;Barcelonès;8019;Barcelona;3;Sants - Montjuïc;1;Barcelona;429937;4580401;2,1622;41,37207;a8003361@xtec.cat;EINF2C EPRI ESO BATX;;EINF2C;EPRI;ESO;BATX;;;;;;;;;;;;;;;;;;;;;;;;;;;;
8003543;Salesià de Sant Josep;2;Privat;24;Ordes i Congregacions Catòlics;c. Rocafort, 42;8015;934231234.0;108;Consorci d'Educació de Barcelona;13;Barcelonès;8019;Barcelona;2;Eixample;1;Barcelona;429458;4580973;2,1564;41,3771;a8003543@xtec.cat;EINF2C EPRI ESO BATX;;EINF2C;EPRI;ESO;BATX;;;;;;;;;;;;;;;;;;;;;;;;;;;;
8003816;Thau;2;Privat;22;Fundacions;ctra. d'Esplugues, 49-53;8034;932030154.0;108;Consorci d'Educació de Barcelona;13;Barcelonès;8019;Barcelona;4;Les Corts;1;Barcelona;425285;4582195;2,106353;41,38781;a8003816@xtec.cat;EINF2C EPRI ESO;;EINF2C;EPRI;ESO;;;;;;;;;;;;;;;;;;;;;;;;;;;;;
8003907;La Salle Bonanova;2;Privat;24;Ordes i Congregacions Catòlics;pg. de la Bonanova, 8;8022;932540954.0;108;Consorci d'Educació de Barcelona;13;Barcelonès;8019;Barcelona;5;Sarrià - Sant Gervasi;1;Barcelona;427481;4584214;2,132376;41,406;a8003907@xtec.cat;EINF2C EPRI ESO BATX;;EINF2C;EPRI;ESO;BATX;;;;;;;;;;;;;;;;;;;;;;;;;;;;
8003993;Canigó;2;Privat;26;Societats Mercantils;c. Císter, 23;8022;932110217.0;108;Consorci d'Educació de Barcelona;13;Barcelonès;8019;Barcelona;5;Sarrià - Sant Gervasi;1;Barcelona;427550;4584750;2,133143;41,41103;a8003993@xtec.cat;EINF1C EINF2C EPRI ESO BATX;EINF1C;EINF2C;EPRI;ESO;BATX;;;;;;;;;;;;;;;;;;;;;;;;;;;;
8004031;Sant Marc de Sarrià;2;Privat;26;Societats Mercantils;c. Carrasco i Formiguera, 6-16;8017;932041145.0;108;Consorci d'Educació de Barcelona;13;Barcelonès;8019;Barcelona;5;Sarrià - Sant Gervasi;1;Barcelona;426669;4583733;2,12272;41,40179;a8004031@xtec.cat;EINF1C EINF2C EPRI ESO BATX CFPS CFAS;EINF1C;EINF2C;EPRI;ESO;BATX;;;;;CFPS;;;;;;;CFAS;;;;;;;;;;;;;;;;
8004067;Jesuïtes Sarrià - Sant Ignasi;2;Privat;22;Fundacions;c. Carrasco i Formiguera, 32;8017;936023000.0;108;Consorci d'Educació de Barcelona;13;Barcelonès;8019;Barcelona;5;Sarrià - Sant Gervasi;1;Barcelona;426568;4583860;2,121492;41,40293;a8004067@xtec.cat;EINF1C EINF2C EPRI ESO BATX CFPM CFPS TEGM TEGS;EINF1C;EINF2C;EPRI;ESO;BATX;;CFPM;;;CFPS;;;;;;;;;;;;;;;;;;;;TEGM;TEGS;;
8004080;Sil;2;Privat;26;Societats Mercantils;av. Tibidabo, 26-28;8022;932126754.0;108;Consorci d'Educació de Barcelona;13;Barcelonès;8019;Barcelona;5;Sarrià - Sant Gervasi;1;Barcelona;427722;4584970;2,135168;41,41303;a8004080@xtec.cat;EINF1C EINF2C EPRI ESO BATX;EINF1C;EINF2C;EPRI;ESO;BATX;;;;;;;;;;;;;;;;;;;;;;;;;;;;
8004122;Sagrado Corazón;2;Privat;24;Ordes i Congregacions Catòlics;c. Eduard Conde, 17-23;8034;932038754.0;108;Consorci d'Educació de Barcelona;13;Barcelonès;8019;Barcelona;5;Sarrià - Sant Gervasi;1;Barcelona;426529;4582754;2,121163;41,39296;a8004122@xtec.cat;EINF1C EINF2C EPRI ESO BATX;EINF1C;EINF2C;EPRI;ESO;BATX;;;;;;;;;;;;;;;;;;;;;;;;;;;;
8004171;Santa Anna-Eixample;2;Privat;22;Fundacions;c. Bailèn, 53-59;8009;932654237.0;108;Consorci d'Educació de Barcelona;13;Barcelonès;8019;Barcelona;2;Eixample;1;Barcelona;430890;4582907;2,173308;41,39472;a8004171@xtec.cat;EINF2C EPRI ESO;;EINF2C;EPRI;ESO;;;;;;;;;;;;;;;;;;;;;;;;;;;;;
8004183;Stel·la;2;Privat;26;Societats Mercantils;c. Esperança, 13;8017;934173485.0;108;Consorci d'Educació de Barcelona;13;Barcelonès;8019;Barcelona;5;Sarrià - Sant Gervasi;1;Barcelona;426987,5;4583979,8;2,126501;41,40404;a8004183@xtec.cat;ESO;;;;ESO;;;;;;;;;;;;;;;;;;;;;;;;;;;;;
8004195;Galí Bellesguard;2;Privat;22;Fundacions;c. Carles Riba, 11-15;8035;932123108.0;108;Consorci d'Educació de Barcelona;13;Barcelonès;8019;Barcelona;5;Sarrià - Sant Gervasi;1;Barcelona;426885;4584910;2,125168;41,41241;a8004195@xtec.cat;EINF2C EPRI ESO BATX;;EINF2C;EPRI;ESO;BATX;;;;;;;;;;;;;;;;;;;;;;;;;;;;
8004201;Santa Teresa - Ganduxer;2;Privat;22;Fundacions;c. Ganduxer, 85-105;8022;932123354.0;108;Consorci d'Educació de Barcelona;13;Barcelonès;8019;Barcelona;5;Sarrià - Sant Gervasi;1;Barcelona;427581;4583501;2,133654;41,39978;a8004201@xtec.cat;EINF1C EINF2C EPRI ESO BATX;EINF1C;EINF2C;EPRI;ESO;BATX;;;;;;;;;;;;;;;;;;;;;;;;;;;;
8004225;St. Peter's School;2;Privat;26;Societats Mercantils;c. Eduard Toldrà, 18;8034;932043612.0;108;Consorci d'Educació de Barcelona;13;Barcelonès;8019;Barcelona;4;Les Corts;1;Barcelona;425234;4582306;2,105734;41,38881;a8004225@xtec.cat;EINF1C EINF2C EPRI ESO BATX;EINF1C;EINF2C;EPRI;ESO;BATX;;;;;;;;;;;;;;;;;;;;;;;;;;;;
8004286;Escola Pia de Sarrià-Calassanç;2;Privat;24;Ordes i Congregacions Catòlics;c. Immaculada, 25-35;8017;932120908.0;108;Consorci d'Educació de Barcelona;13;Barcelonès;8019;Barcelona;5;Sarrià - Sant Gervasi;1;Barcelona;426839;4584299;2,124686;41,4069;a8004286@xtec.cat;EINF2C EPRI ESO BATX CFPM CFPS TEGM TEGS;;EINF2C;EPRI;ESO;BATX;;CFPM;;;CFPS;;;;;;;;;;;;;;;;;;;;TEGM;TEGS;;
8004390;Sant Pau;2;Privat;26;Societats Mercantils;av. Pearson, 41-45;8034;932030500.0;108;Consorci d'Educació de Barcelona;13;Barcelonès;8019;Barcelona;4;Les Corts;1;Barcelona;425175;4582647;2,104985;41,39187;a8004390@xtec.cat;EINF2C EPRI ESO BATX;;EINF2C;EPRI;ESO;BATX;;;;;;;;;;;;;;;;;;;;;;;;;;;;
8004511;Betània-Patmos;2;Privat;22;Fundacions;av. Mare de Déu de Lorda, 2-16;8034;932521900.0;108;Consorci d'Educació de Barcelona;13;Barcelonès;8019;Barcelona;5;Sarrià - Sant Gervasi;1;Barcelona;425535;4583251;2,109216;41,39734;a8004511@xtec.cat;EINF1C EINF2C EPRI ESO BATX;EINF1C;EINF2C;EPRI;ESO;BATX;;;;;;;;;;;;;;;;;;;;;;;;;;;;
8004559;Abat Oliba-Loreto;2;Privat;22;Fundacions;av. Pearson, 22-26;8034;932040816.0;108;Consorci d'Educació de Barcelona;13;Barcelonès;8019;Barcelona;4;Les Corts;1;Barcelona;425347;4582822;2,107025;41,39347;a8004559@xtec.cat;EINF1C EINF2C EPRI ESO BATX;EINF1C;EINF2C;EPRI;ESO;BATX;;;;;;;;;;;;;;;;;;;;;;;;;;;;
8004626;Jesuïtes Sant Gervasi - Infant Jesús;2;Privat;22;Fundacions;c. Avenir, 19;8006;933622058.0;108;Consorci d'Educació de Barcelona;13;Barcelonès;8019;Barcelona;5;Sarrià - Sant Gervasi;1;Barcelona;428881;4583195;2,149243;41,39715;a8004626@xtec.cat;EINF1C EINF2C EPRI ESO BATX;EINF1C;EINF2C;EPRI;ESO;BATX;;;;;;;;;;;;;;;;;;;;;;;;;;;;
8004705;Reial Monestir de Santa Isabel;2;Privat;24;Ordes i Congregacions Catòlics;c. Cardenal Setmenat, 1-5;8017;932032788.0;108;Consorci d'Educació de Barcelona;13;Barcelonès;8019;Barcelona;5;Sarrià - Sant Gervasi;1;Barcelona;426920;4583253;2,125783;41,39749;a8004705@xtec.cat;EINF1C EINF2C EPRI ESO BATX;EINF1C;EINF2C;EPRI;ESO;BATX;;;;;;;;;;;;;;;;;;;;;;;;;;;;
8004717;Sagrat Cor-Sarrià;2;Privat;22;Fundacions;c. Sagrat Cor, 25;8034;932030200.0;108;Consorci d'Educació de Barcelona;13;Barcelonès;8019;Barcelona;5;Sarrià - Sant Gervasi;1;Barcelona;426355;4583608;2,118979;41,40064;a8004717@xtec.cat;EINF1C EINF2C EPRI ESO BATX CFPM CFPS;EINF1C;EINF2C;EPRI;ESO;BATX;;CFPM;;;CFPS;;;;;;;;;;;;;;;;;;;;;;;
8004742;Jesús María Sant Gervasi;2;Privat;24;Ordes i Congregacions Catòlics;pg. de Sant Gervasi, 15;8022;934171200.0;108;Consorci d'Educació de Barcelona;13;Barcelonès;8019;Barcelona;5;Sarrià - Sant Gervasi;1;Barcelona;427629;4584456;2,134115;41,40839;a8004742@xtec.cat;EINF2C EPRI ESO BATX;;EINF2C;EPRI;ESO;BATX;;;;;;;;;;;;;;;;;;;;;;;;;;;;
8004778;Santa Dorotea;2;Privat;24;Ordes i Congregacions Catòlics;pg. de Sant Joan Bosco, 24;8017;932032892.0;108;Consorci d'Educació de Barcelona;13;Barcelonès;8019;Barcelona;5;Sarrià - Sant Gervasi;1;Barcelona;427173;4582812;2,128857;41,39354;a8004778@xtec.cat;EINF2C EPRI ESO;;EINF2C;EPRI;ESO;;;;;;;;;;;;;;;;;;;;;;;;;;;;;
8004808;Casa del Roure;2;Privat;22;Fundacions;c. Sant Pere  Claver, 12-18;8017;932524020.0;108;Consorci d'Educació de Barcelona;13;Barcelonès;8019;Barcelona;5;Sarrià - Sant Gervasi;1;Barcelona;426197;4584272;2,117003;41,4066;a8004808@xtec.cat;ESO BATX;;;;ESO;BATX;;;;;;;;;;;;;;;;;;;;;;;;;;;;
8004900;Madres Concepcionistas de la Enseñanza;2;Privat;24;Ordes i Congregacions Catòlics;c. de la Torre, 19;8006;932187971.0;108;Consorci d'Educació de Barcelona;13;Barcelonès;8019;Barcelona;5;Sarrià - Sant Gervasi;1;Barcelona;428896;4584055;2,149322;41,40489;a8004900@xtec.cat;EINF2C EPRI ESO BATX;;EINF2C;EPRI;ESO;BATX;;;;;;;;;;;;;;;;;;;;;;;;;;;;
8004912;Montserrat;2;Privat;24;Ordes i Congregacions Catòlics;av. Vallvidrera, 68;8017;932038800.0;108;Consorci d'Educació de Barcelona;13;Barcelonès;8019;Barcelona;5;Sarrià - Sant Gervasi;1;Barcelona;425700;4584553;2,111035;41,40908;a8004912@xtec.cat;EINF1C EINF2C EPRI ESO BATX;EINF1C;EINF2C;EPRI;ESO;BATX;;;;;;;;;;;;;;;;;;;;;;;;;;;;
8005072;Sadako;2;Privat;22;Fundacions;c. Collserola, 42;8035;934189428.0;108;Consorci d'Educació de Barcelona;13;Barcelonès;8019;Barcelona;6;Gràcia;1;Barcelona;427639;4585516;2,134108;41,41793;a8005072@xtec.cat;EINF2C EPRI ESO;;EINF2C;EPRI;ESO;;;;;;;;;;;;;;;;;;;;;;;;;;;;;
8005102;La Salle Comtal;2;Privat;24;Ordes i Congregacions Catòlics;c. Amadeu Vives, 6;8003;932682033.0;108;Consorci d'Educació de Barcelona;13;Barcelonès;8019;Barcelona;1;Ciutat vella;1;Barcelona;431043;4582153;2,175221;41,38795;a8005102@xtec.cat;EINF2C EPRI ESO;;EINF2C;EPRI;ESO;;;;;;;;;;;;;;;;;;;;;;;;;;;;;
8005114;Mare del Diví Pastor;2;Privat;24;Ordes i Congregacions Catòlics;c. Bailèn, 38;8010;932654291.0;108;Consorci d'Educació de Barcelona;13;Barcelonès;8019;Barcelona;2;Eixample;1;Barcelona;431053;4582772;2,175277;41,3935;a8005114@xtec.cat;EINF1C EINF2C EPRI ESO;EINF1C;EINF2C;EPRI;ESO;;;;;;;;;;;;;;;;;;;;;;;;;;;;;
8005151;Sant Francesc Xavier;2;Privat;26;Societats Mercantils;c. Bòbila, 26-28;8004;934245791.0;108;Consorci d'Educació de Barcelona;13;Barcelonès;8019;Barcelona;3;Sants - Montjuïc;1;Barcelona;429590;4580452;2,158039;41,3725;a8005151@xtec.cat;EINF1C EPRI ESO BATX;EINF1C;;EPRI;ESO;BATX;;;;;;;;;;;;;;;;;;;;;;;;;;;;
8005199;Jesuïtes Casp - Sagrat Cor de Jesús;2;Privat;22;Fundacions;c. Casp, 25;8010;933183704.0;108;Consorci d'Educació de Barcelona;13;Barcelonès;8019;Barcelona;2;Eixample;1;Barcelona;430705;4582374;2,17116;41,38991;a8005199@xtec.cat;EINF2C EPRI ESO BATX;;EINF2C;EPRI;ESO;BATX;;;;;;;;;;;;;;;;;;;;;;;;;;;;
8005205;Pérez Iborra;2;Privat;26;Societats Mercantils;c. Consell de Cent, 321-323;8007;934880057.0;108;Consorci d'Educació de Barcelona;13;Barcelonès;8019;Barcelona;2;Eixample;1;Barcelona;430057;4582335;2,163409;41,3895;a8005205@xtec.cat;EINF1C EINF2C EPRI ESO BATX;EINF1C;EINF2C;EPRI;ESO;BATX;;;;;;;;;;;;;;;;;;;;;;;;;;;;
8005242;Escola Pia de Nostra Senyora;2;Privat;24;Ordes i Congregacions Catòlics;c. Diputació, 275-277;8007;934881166.0;108;Consorci d'Educació de Barcelona;13;Barcelonès;8019;Barcelona;2;Eixample;1;Barcelona;430440;4582524;2,167975;41,39124;a8005242@xtec.cat;ESO BATX CFPM CFPS ADULTS;;;;ESO;BATX;;CFPM;;;CFPS;;;;;;;;;;;;;;;;;;;;;;;ADULTS
8005266;Sagrat Cor-Diputació;2;Privat;22;Fundacions;c. Diputació, 326;8009;932656361.0;108;Consorci d'Educació de Barcelona;13;Barcelonès;8019;Barcelona;2;Eixample;1;Barcelona;430927;4582968;2,17374;41,39528;a8005266@xtec.cat;EINF2C EPRI ESO BATX;;EINF2C;EPRI;ESO;BATX;;;;;;;;;;;;;;;;;;;;;;;;;;;;
8005370;Jesuïtes Gràcia - Kostka;2;Privat;22;Fundacions;c. Antequera, 2-4;8024;932103605.0;108;Consorci d'Educació de Barcelona;13;Barcelonès;8019;Barcelona;6;Gràcia;1;Barcelona;429573;4585087;2,1573;41,41425;a8005370@xtec.cat;EINF1C EINF2C EPRI ESO BATX;EINF1C;EINF2C;EPRI;ESO;BATX;;;;;;;;;;;;;;;;;;;;;;;;;;;;
8005382;Escolàpies Llúria-Barcelona;2;Privat;22;Fundacions;c. Roger de Llúria, 64;8009;934882166.0;108;Consorci d'Educació de Barcelona;13;Barcelonès;8019;Barcelona;2;Eixample;1;Barcelona;430469;4582802;2,168282;41,39374;a8005382@xtec.cat;EINF1C EINF2C EPRI ESO BATX;EINF1C;EINF2C;EPRI;ESO;BATX;;;;;;;;;;;;;;;;;;;;;;;;;;;;
8005394;Lestonnac;2;Privat;24;Ordes i Congregacions Catòlics;c. Pau Claris, 131;8009;932159900.0;108;Consorci d'Educació de Barcelona;13;Barcelonès;8019;Barcelona;2;Eixample;1;Barcelona;430333;4582712;2,16667;41,39292;a8005394@xtec.cat;EINF1C EINF2C EPRI ESO BATX;EINF1C;EINF2C;EPRI;ESO;BATX;;;;;;;;;;;;;;;;;;;;;;;;;;;;
8005412;Lleó XIII;2;Privat;26;Societats Mercantils;c. Lleó XIII, 16-18-20;8022;934175001.0;108;Consorci d'Educació de Barcelona;13;Barcelonès;8019;Barcelona;5;Sarrià - Sant Gervasi;1;Barcelona;427881;4584908;2,13708;41,41248;a8005412@xtec.cat;EINF1C EINF2C EPRI ESO BATX CFPS TEGM TEGS;EINF1C;EINF2C;EPRI;ESO;BATX;;;;;CFPS;;;;;;;;;;;;;;;;;;;;TEGM;TEGS;;
8005436;Dominiques Barcelona;2;Privat;22;Fundacions;c. Mallorca, 349;8013;932073165.0;108;Consorci d'Educació de Barcelona;13;Barcelonès;8019;Barcelona;2;Eixample;1;Barcelona;430744;4583571;2,171482;41,40069;a8005436@xtec.cat;EINF2C EPRI ESO BATX;;EINF2C;EPRI;ESO;BATX;;;;;;;;;;;;;;;;;;;;;;;;;;;;
8005473;San Nicolás;2;Privat;26;Societats Mercantils;c. Provença, 283;8037;932154953.0;108;Consorci d'Educació de Barcelona;13;Barcelonès;8019;Barcelona;2;Eixample;1;Barcelona;430077;4583104;2,163557;41,39643;a8005473@xtec.cat;EINF2C EPRI ESO BATX;;EINF2C;EPRI;ESO;BATX;;;;;;;;;;;;;;;;;;;;;;;;;;;;
8005564;Maristes La Immaculada;2;Privat;22;Fundacions;c. València, 370;8009;934582904.0;108;Consorci d'Educació de Barcelona;13;Barcelonès;8019;Barcelona;2;Eixample;1;Barcelona;430789;4583384;2,172044;41,39901;a8005564@xtec.cat;EINF2C EPRI ESO BATX CFPM CFPS;;EINF2C;EPRI;ESO;BATX;;CFPM;;;CFPS;;;;;;;;;;;;;;;;;;;;;;;
8005618;Vedruna Àngels Barcelona;2;Privat;22;Fundacions;pl. dels Àngels, 3;8001;933186298.0;108;Consorci d'Educació de Barcelona;13;Barcelonès;8019;Barcelona;1;Ciutat vella;1;Barcelona;430408;4581629;2,167689;41,38317;a8005618@xtec.cat;EINF2C EPRI ESO;;EINF2C;EPRI;ESO;;;;;;;;;;;;;;;;;;;;;;;;;;;;;
8005746;Escola Pia Sant Antoni;2;Privat;24;Ordes i Congregacions Catòlics;rda. Sant Pau, 72;8001;934410605.0;108;Consorci d'Educació de Barcelona;13;Barcelonès;8019;Barcelona;1;Ciutat vella;1;Barcelona;430091;4581088;2,163964;41,37828;a8005746@xtec.cat;EINF2C EPRI ESO BATX CFPS PFI ADULTS;;EINF2C;EPRI;ESO;BATX;;;;;CFPS;;;PFI;;;;;;;;;;;;;;;;;;;;ADULTS
8005761;IPSE;2;Privat;23;Església Catòlica;c. Casanova, 175;8036;933215099.0;108;Consorci d'Educació de Barcelona;13;Barcelonès;8019;Barcelona;2;Eixample;1;Barcelona;428927;4582620;2,149867;41,39197;a8005761@xtec.cat;EINF1C EINF2C EPRI ESO BATX;EINF1C;EINF2C;EPRI;ESO;BATX;;;;;;;;;;;;;;;;;;;;;;;;;;;;
8005771;Sagrat Cor-Esclaves;2;Privat;22;Fundacions;rbla. de Catalunya, 83;8008;932152522.0;108;Consorci d'Educació de Barcelona;13;Barcelonès;8019;Barcelona;2;Eixample;1;Barcelona;429904;4582641;2,161546;41,3922;a8005771@xtec.cat;EINF1C EINF2C EPRI ESO BATX;EINF1C;EINF2C;EPRI;ESO;BATX;;;;;;;;;;;;;;;;;;;;;;;;;;;;
8005801;Mare de Déu del Roser;2;Privat;24;Ordes i Congregacions Catòlics;c. Consell de Cent, 214;8011;934531080.0;108;Consorci d'Educació de Barcelona;13;Barcelonès;8019;Barcelona;2;Eixample;1;Barcelona;429618;4581870;2,15821;41,3852;a8005801@xtec.cat;EINF2C EPRI ESO;;EINF2C;EPRI;ESO;;;;;;;;;;;;;;;;;;;;;;;;;;;;;
8006118;Proa;2;Privat;31;Associacions;c. Almeria, 57;8014;934219529.0;108;Consorci d'Educació de Barcelona;13;Barcelonès;8019;Barcelona;3;Sants - Montjuïc;1;Barcelona;428031;4580351;2,13941;41,37145;a8006118@xtec.cat;EINF2C EPRI ESO BATX;;EINF2C;EPRI;ESO;BATX;;;;;;;;;;;;;;;;;;;;;;;;;;;;
8006143;Josep Tous;2;Privat;24;Ordes i Congregacions Catòlics;c. Begur, 10-20;8028;934224640.0;108;Consorci d'Educació de Barcelona;13;Barcelonès;8019;Barcelona;3;Sants - Montjuïc;1;Barcelona;427194;4580722;2,129361;41,37472;a8006143@xtec.cat;EINF1C EINF2C EPRI ESO BATX;EINF1C;EINF2C;EPRI;ESO;BATX;;;;;;;;;;;;;;;;;;;;;;;;;;;;
8006209;FEP Sant Medir;2;Privat;22;Fundacions;c. Constitució, 15;8014;934217150.0;108;Consorci d'Educació de Barcelona;13;Barcelonès;8019;Barcelona;3;Sants - Montjuïc;1;Barcelona;427900;4580180;2,137869;41,3699;a8006209@xtec.cat;EINF2C EPRI ESO;;EINF2C;EPRI;ESO;;;;;;;;;;;;;;;;;;;;;;;;;;;;;
8006490;Montserrat;2;Privat;21;Cooperatives;c. Sant Crist, 60-62;8014;934210711.0;108;Consorci d'Educació de Barcelona;13;Barcelonès;8019;Barcelona;3;Sants - Montjuïc;1;Barcelona;427910;4580718;2,137926;41,37475;a8006490@xtec.cat;EINF2C EPRI ESO;;EINF2C;EPRI;ESO;;;;;;;;;;;;;;;;;;;;;;;;;;;;;
8006532;Maristes Sants - les Corts;2;Privat;22;Fundacions;c. Vallespir, 160;8014;934908625.0;108;Consorci d'Educació de Barcelona;13;Barcelonès;8019;Barcelona;4;Les Corts;1;Barcelona;427660;4581631;2,134823;41,38295;a8006532@xtec.cat;EINF2C EPRI ESO BATX;;EINF2C;EPRI;ESO;BATX;;;;;;;;;;;;;;;;;;;;;;;;;;;;
8006702;Inglés;2;Privat;26;Societats Mercantils;c. Montornés, 37;8023;932138864.0;108;Consorci d'Educació de Barcelona;13;Barcelonès;8019;Barcelona;6;Gràcia;1;Barcelona;428366;4585567;2,142801;41,41846;a8006702@xtec.cat;EINF2C EPRI ESO;;EINF2C;EPRI;ESO;;;;;;;;;;;;;;;;;;;;;;;;;;;;;
8006751;Virolai;2;Privat;26;Societats Mercantils;c. Ceuta, s/n;8032;932846343.0;108;Consorci d'Educació de Barcelona;13;Barcelonès;8019;Barcelona;7;Horta - Guinardó;1;Barcelona;429115;4585542;2,151764;41,4183;a8006751@xtec.cat;EINF1C EINF2C EPRI ESO BATX CFPS;EINF1C;EINF2C;EPRI;ESO;BATX;;;;;CFPS;;;;;;;;;;;;;;;;;;;;;;;
8006908;Vedruna Gràcia Barcelona;2;Privat;22;Fundacions;c. Gran de Gràcia, 228-240;8012;932188269.0;108;Consorci d'Educació de Barcelona;13;Barcelonès;8019;Barcelona;6;Gràcia;1;Barcelona;429084;4584021;2,15157;41,4046;a8006908@xtec.cat;EINF2C EPRI ESO BATX;;EINF2C;EPRI;ESO;BATX;;;;;;;;;;;;;;;;;;;;;;;;;;;;
8006945;Acis-Artur Martorell;2;Privat;22;Fundacions;pl. Can Baró, 1-3;8024;932842418.0;108;Consorci d'Educació de Barcelona;13;Barcelonès;8019;Barcelona;7;Horta - Guinardó;1;Barcelona;429991;4585344;2,162278;41,4166;a8006945@xtec.cat;EINF2C EPRI ESO;;EINF2C;EPRI;ESO;;;;;;;;;;;;;;;;;;;;;;;;;;;;;
8006970;Sant Josep;2;Privat;24;Ordes i Congregacions Catòlics;c. Montseny, 31-39;8012;932372019.0;108;Consorci d'Educació de Barcelona;13;Barcelonès;8019;Barcelona;6;Gràcia;1;Barcelona;429397;4583766;2,155348;41,40233;a8006970@xtec.cat;EINF1C EINF2C EPRI ESO;EINF1C;EINF2C;EPRI;ESO;;;;;;;;;;;;;;;;;;;;;;;;;;;;;
8006994;Sant Josep-Teresianes;2;Privat;22;Fundacions;c. Nàpols, 359/Trav Gracia, 256-262;8025;932075711.0;108;Consorci d'Educació de Barcelona;13;Barcelonès;8019;Barcelona;6;Gràcia;1;Barcelona;430239;4584144;2,16538;41,40581;a8006994@xtec.cat;EINF2C EPRI ESO BATX;;EINF2C;EPRI;ESO;BATX;;;;;;;;;;;;;;;;;;;;;;;;;;;;
8007032;La Salle Gràcia;2;Privat;24;Ordes i Congregacions Catòlics;pl. del Nord, 14;8024;932922118.0;108;Consorci d'Educació de Barcelona;13;Barcelonès;8019;Barcelona;6;Gràcia;1;Barcelona;429369;4584280;2,154952;41,40696;a8007032@xtec.cat;EINF2C EPRI ESO BATX CFPS;;EINF2C;EPRI;ESO;BATX;;;;;CFPS;;;;;;;;;;;;;;;;;;;;;;;
8007445;Escola Pia Luz Casanova;2;Privat;24;Ordes i Congregacions Catòlics;c. Almansa, 52-54;8042;933596181.0;108;Consorci d'Educació de Barcelona;13;Barcelonès;8019;Barcelona;8;Nou Barris;1;Barcelona;431102;4588277;2,175233;41,44311;a8007445@xtec.cat;EINF2C EPRI ESO PFI;;EINF2C;EPRI;ESO;;;;;;;;;PFI;;;;;;;;;;;;;;;;;;;;
8007469;FEDAC-Amilcar;2;Privat;22;Fundacions;c. Amílcar, 10;8031;933571554.0;108;Consorci d'Educació de Barcelona;13;Barcelonès;8019;Barcelona;8;Nou Barris;1;Barcelona;430812;4586799;2,171925;41,42977;a8007469@xtec.cat;EINF2C EPRI ESO BATX;;EINF2C;EPRI;ESO;BATX;;;;;;;;;;;;;;;;;;;;;;;;;;;;
8007482;Sant Lluís;2;Privat;26;Societats Mercantils;c. Arítjols, 12-14;8016;933544387.0;108;Consorci d'Educació de Barcelona;13;Barcelonès;8019;Barcelona;8;Nou Barris;1;Barcelona;431668;4588150;2,182021;41,44201;a8007482@xtec.cat;EINF2C EPRI ESO;;EINF2C;EPRI;ESO;;;;;;;;;;;;;;;;;;;;;;;;;;;;;
8007494;Sagrada Família;2;Privat;22;Fundacions;c. Arquímedes, 60-68;8030;933458895.0;108;Consorci d'Educació de Barcelona;13;Barcelonès;8019;Barcelona;9;Sant Andreu;1;Barcelona;432046;4587790;2,18658;41,4388;a8007494@xtec.cat;EINF2C EPRI ESO BATX;;EINF2C;EPRI;ESO;BATX;;;;;;;;;;;;;;;;;;;;;;;;;;;;
8007603;Arrels;2;Privat;22;Fundacions;c. Cardenal Tedeschini, 70;8027;933524454.0;108;Consorci d'Educació de Barcelona;13;Barcelonès;8019;Barcelona;9;Sant Andreu;1;Barcelona;431579;4586432;2,18115;41,42653;a8007603@xtec.cat;EINF2C EPRI ESO;;EINF2C;EPRI;ESO;;;;;;;;;;;;;;;;;;;;;;;;;;;;;
8007721;Jesús Maria Sant Andreu;2;Privat;24;Ordes i Congregacions Catòlics;av. Meridiana, 392-406;8030;933113111.0;108;Consorci d'Educació de Barcelona;13;Barcelonès;8019;Barcelona;9;Sant Andreu;1;Barcelona;431789;4586959;2,183607;41,4313;a8007721@xtec.cat;EINF2C EPRI ESO BATX;;EINF2C;EPRI;ESO;BATX;;;;;;;;;;;;;;;;;;;;;;;;;;;;
8007858;Escolàpies Sant Martí - Barcelona;2;Privat;22;Fundacions;c. Joan de Peguera, 42;8026;934569303.0;108;Consorci d'Educació de Barcelona;13;Barcelonès;8019;Barcelona;10;Sant Martí;1;Barcelona;431621;4584933;2,18182;41,41303;a8007858@xtec.cat;EINF2C EPRI ESO BATX;;EINF2C;EPRI;ESO;BATX;;;;;;;;;;;;;;;;;;;;;;;;;;;;
8007871;Sant Ferran;2;Privat;26;Societats Mercantils;c. Joan Riera, 46;8042;933548991.0;108;Consorci d'Educació de Barcelona;13;Barcelonès;8019;Barcelona;8;Nou Barris;1;Barcelona;431109;4588211;2,175318;41,44251;a8007871@xtec.cat;EINF2C EPRI ESO;;EINF2C;EPRI;ESO;;;;;;;;;;;;;;;;;;;;;;;;;;;;;
8007913;Mare de Déu de Núria;2;Privat;26;Societats Mercantils;c. Mallorca, 598;8026;932456629.0;108;Consorci d'Educació de Barcelona;13;Barcelonès;8019;Barcelona;10;Sant Martí;1;Barcelona;431921;4584671;2,185435;41,4107;a8007913@xtec.cat;EINF2C EPRI ESO;;EINF2C;EPRI;ESO;;;;;;;;;;;;;;;;;;;;;;;;;;;;;
8008191;Santa Maria dels Apòstols;2;Privat;24;Ordes i Congregacions Catòlics;c. Pere IV, 562/rbla. Prim, 146-152;8019;933149011.0;108;Consorci d'Educació de Barcelona;13;Barcelonès;8019;Barcelona;10;Sant Martí;1;Barcelona;434019;4585502;2,210447;41,41836;a8008191@xtec.cat;EPRI ESO BATX CFPM CFPS;;;EPRI;ESO;BATX;;CFPM;;;CFPS;;;;;;;;;;;;;;;;;;;;;;;
8008267;FEP L'Esperança;2;Privat;22;Fundacions;c. Quito, 25-37;8030;933457745.0;108;Consorci d'Educació de Barcelona;13;Barcelonès;8019;Barcelona;9;Sant Andreu;1;Barcelona;433249;4588651;2,200885;41,44666;a8008267@xtec.cat;EINF2C EPRI ESO BATX CFPM;;EINF2C;EPRI;ESO;BATX;;CFPM;;;;;;;;;;;;;;;;;;;;;;;;;;
8008279;FEDAC-Sant Andreu;2;Privat;22;Fundacions;c. Ramon Batlle, 39-45;8030;933468001.0;108;Consorci d'Educació de Barcelona;13;Barcelonès;8019;Barcelona;9;Sant Andreu;1;Barcelona;432465;4587038;2,191689;41,43207;a8008279@xtec.cat;EINF2C EPRI ESO;;EINF2C;EPRI;ESO;;;;;;;;;;;;;;;;;;;;;;;;;;;;;
8008309;FEP Mare Alfonsa Cavín;2;Privat;22;Fundacions;av. Rasos de Peguera, 57 bis;8033;933594996.0;108;Consorci d'Educació de Barcelona;13;Barcelonès;8019;Barcelona;8;Nou Barris;1;Barcelona;431130;4590198;2,175342;41,46041;a8008309@xtec.cat;EINF2C EPRI ESO;;EINF2C;EPRI;ESO;;;;;;;;;;;;;;;;;;;;;;;;;;;;;
8008361;Cor de Maria-Sabastida;2;Privat;22;Fundacions;c. Sabastida, 12;8031;934073810.0;108;Consorci d'Educació de Barcelona;13;Barcelonès;8019;Barcelona;8;Nou Barris;1;Barcelona;430521;4586631;2,168471;41,42823;a8008361@xtec.cat;EINF2C EPRI ESO;;EINF2C;EPRI;ESO;;;;;;;;;;;;;;;;;;;;;;;;;;;;;
8008371;Mare de Déu dels Àngels;2;Privat;24;Ordes i Congregacions Catòlics;c. Sagrera, 80-82;8027;933523909.0;108;Consorci d'Educació de Barcelona;13;Barcelonès;8019;Barcelona;9;Sant Andreu;1;Barcelona;432419;4586015;2,191254;41,42285;a8008371@xtec.cat;EINF1C EINF2C EPRI ESO BATX;EINF1C;EINF2C;EPRI;ESO;BATX;;;;;;;;;;;;;;;;;;;;;;;;;;;;
8008401;FEP Bon Pastor;2;Privat;22;Fundacions;c. Sant Adrià, 134;8030;933140451.0;108;Consorci d'Educació de Barcelona;13;Barcelonès;8019;Barcelona;9;Sant Andreu;1;Barcelona;433501;4587442;2,204033;41,43579;a8008401@xtec.cat;EINF2C EPRI ESO;;EINF2C;EPRI;ESO;;;;;;;;;;;;;;;;;;;;;;;;;;;;;
8008462;Jesús, Maria i Josep;2;Privat;24;Ordes i Congregacions Catòlics;c. Sant Sebastià, 55;8030;933112161.0;108;Consorci d'Educació de Barcelona;13;Barcelonès;8019;Barcelona;9;Sant Andreu;1;Barcelona;432447;4586622;2,191514;41,42831;a8008462@xtec.cat;EINF2C EPRI ESO BATX;;EINF2C;EPRI;ESO;BATX;;;;;;;;;;;;;;;;;;;;;;;;;;;;
8008474;Valldaura;2;Privat;22;Fundacions;c. Santa Engràcia, 110;8016;933591395.0;108;Consorci d'Educació de Barcelona;13;Barcelonès;8019;Barcelona;8;Nou Barris;1;Barcelona;431510;4588183;2,18013;41,4423;a8008474@xtec.cat;EINF2C EPRI ESO BATX;;EINF2C;EPRI;ESO;BATX;;;;;;;;;;;;;;;;;;;;;;;;;;;;
8008504;Providencia del Corazón de Jesús;2;Privat;24;Ordes i Congregacions Catòlics;c. Scala Dei, 1-13;8031;934275121.0;108;Consorci d'Educació de Barcelona;13;Barcelonès;8019;Barcelona;7;Horta - Guinardó;1;Barcelona;429663;4587804;2,158066;41,43872;a8008504@xtec.cat;EINF2C EPRI ESO BATX;;EINF2C;EPRI;ESO;BATX;;;;;;;;;;;;;;;;;;;;;;;;;;;;
8008531;Amor de Dios;2;Privat;22;Fundacions;c. Teide, s/n;8031;934293921.0;108;Consorci d'Educació de Barcelona;13;Barcelonès;8019;Barcelona;8;Nou Barris;1;Barcelona;430423;4587020;2,167243;41,43172;a8008531@xtec.cat;EINF1C EINF2C EPRI ESO BATX;EINF1C;EINF2C;EPRI;ESO;BATX;;;;;;;;;;;;;;;;;;;;;;;;;;;;
8008656;Ramon Llull;2;Privat;26;Societats Mercantils;c. Biscaia, 439;8027;933518214.0;108;Consorci d'Educació de Barcelona;13;Barcelonès;8019;Barcelona;9;Sant Andreu;1;Barcelona;431627;4585780;2,181801;41,42066;a8008656@xtec.cat;EINF2C EPRI ESO;;EINF2C;EPRI;ESO;;;;;;;;;;;;;;;;;;;;;;;;;;;;;
8008747;Mireia;2;Privat;26;Societats Mercantils;c. Ausiàs March, 62-64;8010;932454998.0;108;Consorci d'Educació de Barcelona;13;Barcelonès;8019;Barcelona;2;Eixample;1;Barcelona;431341;4582770;2,178722;41,39353;a8008747@xtec.cat;EINF2C EPRI ESO;;EINF2C;EPRI;ESO;;;;;;;;;;;;;;;;;;;;;;;;;;;;;
8008784;Sant Gabriel;2;Privat;24;Ordes i Congregacions Catòlics;Gran Via Corts Catalanes, 1192-1196;8020;933149560.0;108;Consorci d'Educació de Barcelona;13;Barcelonès;8019;Barcelona;10;Sant Martí;1;Barcelona;434110;4585818;2,211502;41,42122;a8008784@xtec.cat;EINF2C EPRI ESO;;EINF2C;EPRI;ESO;;;;;;;;;;;;;;;;;;;;;;;;;;;;;
8008851;Voramar;2;Privat;22;Fundacions;c. Ramon Turró, 130-138;8005;932251324.0;108;Consorci d'Educació de Barcelona;13;Barcelonès;8019;Barcelona;10;Sant Martí;1;Barcelona;432981;4583051;2,198304;41,3962;a8008851@xtec.cat;EINF2C EPRI ESO;;EINF2C;EPRI;ESO;;;;;;;;;;;;;;;;;;;;;;;;;;;;;
8008930;San Francisco;2;Privat;26;Societats Mercantils;c. Treball, 213;8020;933132665.0;108;Consorci d'Educació de Barcelona;13;Barcelonès;8019;Barcelona;10;Sant Martí;1;Barcelona;433182;4585317;2,200461;41,41663;a8008930@xtec.cat;EINF2C EPRI ESO;;EINF2C;EPRI;ESO;;;;;;;;;;;;;;;;;;;;;;;;;;;;;
8008981;Sagrat Cor Besòs;2;Privat;22;Fundacions;c. Lluís Borrassà, 12-18;8019;933052201.0;108;Consorci d'Educació de Barcelona;13;Barcelonès;8019;Barcelona;10;Sant Martí;1;Barcelona;434629;4585214;2,217785;41,41582;a8008981@xtec.cat;EINF2C EPRI ESO;;EINF2C;EPRI;ESO;;;;;;;;;;;;;;;;;;;;;;;;;;;;;
8009156;Sagrado Corazón;2;Privat;24;Ordes i Congregacions Catòlics;c. Ribes, 65;8013;932312606.0;108;Consorci d'Educació de Barcelona;13;Barcelonès;8019;Barcelona;2;Eixample;1;Barcelona;431774;4583433;2,183817;41,39954;a8009156@xtec.cat;EINF2C EPRI ESO;;EINF2C;EPRI;ESO;;;;;;;;;;;;;;;;;;;;;;;;;;;;;
8009235;FEP Santíssima Trinitat;2;Privat;22;Fundacions;c. Mare de Déu de Lorda, 3-5;8033;932744195.0;108;Consorci d'Educació de Barcelona;13;Barcelonès;8019;Barcelona;9;Sant Andreu;1;Barcelona;432441;4589076;2,191164;41,45042;a8009235@xtec.cat;EINF2C EPRI ESO;;EINF2C;EPRI;ESO;;;;;;;;;;;;;;;;;;;;;;;;;;;;;
8009247;Grèvol;2;Privat;21;Cooperatives;c. Provençals, 9;8019;933031103.0;108;Consorci d'Educació de Barcelona;13;Barcelonès;8019;Barcelona;10;Sant Martí;1;Barcelona;434090;4584031;2,21146;41,40512;a8009247@xtec.cat;EINF2C EPRI ESO;;EINF2C;EPRI;ESO;;;;;;;;;;;;;;;;;;;;;;;;;;;;;
8009260;Jesuïtes Clot - El Clot;2;Privat;22;Fundacions;c. València, 680;8027;933516011.0;108;Consorci d'Educació de Barcelona;13;Barcelonès;8019;Barcelona;10;Sant Martí;1;Barcelona;432346;4584902;2,1905;41,41282;a8009260@xtec.cat;EINF2C EPRI ESO BATX CFPM CFPS PFI ADULTS;;EINF2C;EPRI;ESO;BATX;;CFPM;;;CFPS;;;PFI;;;;;;;;;;;;;;;;;;;;ADULTS
8009454;FEP Sant Ramon;2;Privat;22;Fundacions;c. Collblanc, 72;8028;933339972.0;108;Consorci d'Educació de Barcelona;13;Barcelonès;8019;Barcelona;4;Les Corts;1;Barcelona;426132;4580865;2,116644;41,37591;a8009454@xtec.cat;EINF2C EPRI ESO;;EINF2C;EPRI;ESO;;;;;;;;;;;;;;;;;;;;;;;;;;;;;
8009466;Sant Ramon Nonat-Sagrat Cor;2;Privat;24;Ordes i Congregacions Catòlics;c. Collblanc, 86;8028;934490570.0;108;Consorci d'Educació de Barcelona;13;Barcelonès;8019;Barcelona;4;Les Corts;1;Barcelona;426074;4580866;2,115958;41,37591;a8009466@xtec.cat;EINF2C EPRI ESO;;EINF2C;EPRI;ESO;;;;;;;;;;;;;;;;;;;;;;;;;;;;;
8009508;FEP Santa Teresa de Lisieux;2;Privat;22;Fundacions;c. Déu i Mata, 67;8029;934309318.0;108;Consorci d'Educació de Barcelona;13;Barcelonès;8019;Barcelona;4;Les Corts;1;Barcelona;427695;4582240;2,135168;41,38844;a8009508@xtec.cat;EINF2C EPRI ESO BATX;;EINF2C;EPRI;ESO;BATX;;;;;;;;;;;;;;;;;;;;;;;;;;;;
8009636;Escola Pia Sant Miquel;2;Privat;24;Ordes i Congregacions Catòlics;c. Rosselló, 175;8036;934104005.0;108;Consorci d'Educació de Barcelona;13;Barcelonès;8019;Barcelona;2;Eixample;1;Barcelona;429268;4582507;2,153951;41,39098;a8009636@xtec.cat;EINF2C EPRI ESO BATX;;EINF2C;EPRI;ESO;BATX;;;;;;;;;;;;;;;;;;;;;;;;;;;;
8009673;Pare Manyanet;2;Privat;24;Ordes i Congregacions Catòlics;Travessera de les Corts, 331;8029;934396700.0;108;Consorci d'Educació de Barcelona;13;Barcelonès;8019;Barcelona;4;Les Corts;1;Barcelona;427941;4582266;2,138116;41,38869;a8009673@xtec.cat;EINF1C EINF2C EPRI ESO BATX;EINF1C;EINF2C;EPRI;ESO;BATX;;;;;;;;;;;;;;;;;;;;;;;;;;;;
8009697;IPSI;2;Privat;26;Societats Mercantils;c. Comte Borrell, 243-249;8029;933235014.0;108;Consorci d'Educació de Barcelona;13;Barcelonès;8019;Barcelona;2;Eixample;1;Barcelona;428925;4582049;2,149899;41,3868;a8009697@xtec.cat;EINF2C EPRI ESO BATX;;EINF2C;EPRI;ESO;BATX;;;;;;;;;;;;;;;;;;;;;;;;;;;;
8009806;FEDAC-Horta;2;Privat;22;Fundacions;c. Campoamor, 49;8031;934275496.0;108;Consorci d'Educació de Barcelona;13;Barcelonès;8019;Barcelona;7;Horta - Guinardó;1;Barcelona;429418;4587336;2,155184;41,43449;a8009806@xtec.cat;EINF2C EPRI ESO BATX;;EINF2C;EPRI;ESO;BATX;;;;;;;;;;;;;;;;;;;;;;;;;;;;
8009934;La Salle Horta;2;Privat;24;Ordes i Congregacions Catòlics;c. Doctor Letamendi, 63;8031;934271500.0;108;Consorci d'Educació de Barcelona;13;Barcelonès;8019;Barcelona;7;Horta - Guinardó;1;Barcelona;429915;4587572;2,1611;41,43666;a8009934@xtec.cat;EINF2C EPRI ESO BATX;;EINF2C;EPRI;ESO;BATX;;;;;;;;;;;;;;;;;;;;;;;;;;;;
8009971;Guinardó;2;Privat;21;Cooperatives;c. Doctor Valls, 11;8041;934353940.0;108;Consorci d'Educació de Barcelona;13;Barcelonès;8019;Barcelona;7;Horta - Guinardó;1;Barcelona;431429;4585698;2,179442;41,41991;a8009971@xtec.cat;EINF2C EPRI ESO;;EINF2C;EPRI;ESO;;;;;;;;;;;;;;;;;;;;;;;;;;;;;
8009995;Regina Carmeli;2;Privat;24;Ordes i Congregacions Catòlics;c. Eduard Toda, 37;8031;934278371.0;108;Consorci d'Educació de Barcelona;13;Barcelonès;8019;Barcelona;7;Horta - Guinardó;1;Barcelona;429647;4587383;2,157918;41,43493;a8009995@xtec.cat;EINF1C EINF2C EPRI ESO;EINF1C;EINF2C;EPRI;ESO;;;;;;;;;;;;;;;;;;;;;;;;;;;;;
8010006;Nou Patufet;2;Privat;21;Cooperatives;c. Bruniquer, 25-27;8012;932856327.0;108;Consorci d'Educació de Barcelona;13;Barcelonès;8019;Barcelona;6;Gràcia;1;Barcelona;429847,1;4584028,3;2,160704;41,40473;a8010006@xtec.cat;EINF2C EPRI ESO;;EINF2C;EPRI;ESO;;;;;;;;;;;;;;;;;;;;;;;;;;;;;
8010055;Agora Princess Margaret;2;Privat;26;Societats Mercantils;pg. Font d'En Fargues, 15-17;8032;934290313.0;108;Consorci d'Educació de Barcelona;13;Barcelonès;8019;Barcelona;7;Horta - Guinardó;1;Barcelona;430303;4586422;2,165876;41,42633;a8010055@xtec.cat;EINF2C EPRI ESO;;EINF2C;EPRI;ESO;;;;;;;;;;;;;;;;;;;;;;;;;;;;;
8010171;Immaculada Concepció;2;Privat;24;Ordes i Congregacions Catòlics;c. Granollers, 28;8032;934295537.0;108;Consorci d'Educació de Barcelona;13;Barcelonès;8019;Barcelona;7;Horta - Guinardó;1;Barcelona;429957;4586601;2,161726;41,42792;a8010171@xtec.cat;EINF2C EPRI ESO BATX;;EINF2C;EPRI;ESO;BATX;;;;;;;;;;;;;;;;;;;;;;;;;;;;
8010304;Santa Teresa de Jesús;2;Privat;26;Societats Mercantils;c. Llobregós, 130-132;8032;933576615.0;108;Consorci d'Educació de Barcelona;13;Barcelonès;8019;Barcelona;7;Horta - Guinardó;1;Barcelona;429450;4586191;2,155696;41,42418;a8010304@xtec.cat;EINF2C EPRI ESO;;EINF2C;EPRI;ESO;;;;;;;;;;;;;;;;;;;;;;;;;;;;;
8010341;Vedruna Immaculada Barcelona;2;Privat;22;Fundacions;c. Dos de Maig, 247-251;8013;932463200.0;108;Consorci d'Educació de Barcelona;13;Barcelonès;8019;Barcelona;2;Eixample;1;Barcelona;431592;4584293;2,181543;41,40727;a8010341@xtec.cat;EINF2C EPRI ESO CFPM;;EINF2C;EPRI;ESO;;;CFPM;;;;;;;;;;;;;;;;;;;;;;;;;;
8010432;Sagrada Família-Horta;2;Privat;24;Ordes i Congregacions Catòlics;c. Peris Mencheta, 26-46;8032;933570208.0;108;Consorci d'Educació de Barcelona;13;Barcelonès;8019;Barcelona;7;Horta - Guinardó;1;Barcelona;430021;4586439;2,16251;41,42646;a8010432@xtec.cat;EINF2C EPRI ESO BATX;;EINF2C;EPRI;ESO;BATX;;;;;;;;;;;;;;;;;;;;;;;;;;;;
8010468;Palcam;2;Privat;26;Societats Mercantils;c. Rosalía de Castro, 30-34;8025;934359749.0;108;Consorci d'Educació de Barcelona;13;Barcelonès;8019;Barcelona;7;Horta - Guinardó;1;Barcelona;430765;4584719;2,171606;41,411;a8010468@xtec.cat;EINF2C EPRI ESO BATX CFPM CFPS;;EINF2C;EPRI;ESO;BATX;;CFPM;;;CFPS;;;;;;;;;;;;;;;;;;;;;;;
8010501;Claret;2;Privat;24;Ordes i Congregacions Catòlics;av. Sant Antoni Maria Claret, 49;8025;932081830.0;108;Consorci d'Educació de Barcelona;13;Barcelonès;8019;Barcelona;6;Gràcia;1;Barcelona;430393;4584173;2,167221;41,40608;a8010501@xtec.cat;EINF2C EPRI ESO BATX;;EINF2C;EPRI;ESO;BATX;;;;;;;;;;;;;;;;;;;;;;;;;;;;
8010547;Mare de Déu del Coll;2;Privat;24;Ordes i Congregacions Catòlics;c. Santuari, 28-30;8032;932846543.0;108;Consorci d'Educació de Barcelona;13;Barcelonès;8019;Barcelona;6;Gràcia;1;Barcelona;429067;4585744;2,151172;41,42012;a8010547@xtec.cat;EINF2C EPRI ESO;;EINF2C;EPRI;ESO;;;;;;;;;;;;;;;;;;;;;;;;;;;;;
8010641;Abat Oliba-Spínola;2;Privat;22;Fundacions;av. Mare de Déu de Montserrat, 86;8024;934554680.0;108;Consorci d'Educació de Barcelona;13;Barcelonès;8019;Barcelona;7;Horta - Guinardó;1;Barcelona;430452;4585223;2,167801;41,41555;a8010641@xtec.cat;EINF1C EINF2C EPRI ESO BATX TEGM TEGS;EINF1C;EINF2C;EPRI;ESO;BATX;;;;;;;;;;;;;;;;;;;;;;;;;TEGM;TEGS;;
8010882;Molina;2;Privat;26;Societats Mercantils;c. Lorena, 65-71;8042;933533810.0;108;Consorci d'Educació de Barcelona;13;Barcelonès;8019;Barcelona;8;Nou Barris;1;Barcelona;430907;4587714;2,17296;41,43802;a8010882@xtec.cat;ESO CFPM CFPS;;;;ESO;;;CFPM;;;CFPS;;;;;;;;;;;;;;;;;;;;;;;
8011096;Piaget;2;Privat;21;Cooperatives;c. Llobregós, 194;8032;934296102.0;108;Consorci d'Educació de Barcelona;13;Barcelonès;8019;Barcelona;7;Horta - Guinardó;1;Barcelona;429180;4585995;2,152492;41,42239;a8011096@xtec.cat;EINF2C EPRI ESO;;EINF2C;EPRI;ESO;;;;;;;;;;;;;;;;;;;;;;;;;;;;;
8011199;Adela de Trenquelleón;2;Privat;22;Fundacions;av. Guipúscoa, 24;8018;933074850.0;108;Consorci d'Educació de Barcelona;13;Barcelonès;8019;Barcelona;10;Sant Martí;1;Barcelona;432662;4585026;2,194264;41,41396;a8011199@xtec.cat;EINF2C EPRI ESO;;EINF2C;EPRI;ESO;;;;;;;;;;;;;;;;;;;;;;;;;;;;;
8011394;Sant Joan Bosco;2;Privat;24;Ordes i Congregacions Catòlics;pg. Vall d'Hebron, 258-260;8035;934280250.0;108;Consorci d'Educació de Barcelona;13;Barcelonès;8019;Barcelona;7;Horta - Guinardó;1;Barcelona;428906;4587519;2,14904;41,43609;a8011394@xtec.cat;EINF2C EPRI ESO BATX ADULTS;;EINF2C;EPRI;ESO;BATX;;;;;;;;;;;;;;;;;;;;;;;;;;;;ADULTS
8011448;Gravi;2;Privat;21;Cooperatives;av. Vallcarca, 258;8023;932111183.0;108;Consorci d'Educació de Barcelona;13;Barcelonès;8019;Barcelona;6;Gràcia;1;Barcelona;428202;4585778;2,140817;41,42035;a8011448@xtec.cat;EINF1C EINF2C EPRI ESO BATX;EINF1C;EINF2C;EPRI;ESO;BATX;;;;;;;;;;;;;;;;;;;;;;;;;;;;
8011606;Asunción de Nuestra Señora;2;Privat;24;Ordes i Congregacions Catòlics;rbla. del Poblenou, 94-96;8005;933000931.0;108;Consorci d'Educació de Barcelona;13;Barcelonès;8019;Barcelona;10;Sant Martí;1;Barcelona;433128;4583712;2,199989;41,4021;a8011606@xtec.cat;EINF2C EPRI ESO;;EINF2C;EPRI;ESO;;;;;;;;;;;;;;;;;;;;;;;;;;;;;
8011941;Escola Pia Balmes;2;Privat;24;Ordes i Congregacions Catòlics;c. Balmes, 208;8006;932178612.0;108;Consorci d'Educació de Barcelona;13;Barcelonès;8019;Barcelona;5;Sarrià - Sant Gervasi;1;Barcelona;429106;4583266;2,151927;41,3978;a8011941@xtec.cat;EINF2C EPRI ESO BATX PFI;;EINF2C;EPRI;ESO;BATX;;;;;;;;PFI;;;;;;;;;;;;;;;;;;;;
8012027;Frederic Mistral-Tècnic Eulàlia;2;Privat;22;Fundacions;c. Lluís Muntadas, 3-5-7;8035;932118954.0;108;Consorci d'Educació de Barcelona;13;Barcelonès;8019;Barcelona;5;Sarrià - Sant Gervasi;1;Barcelona;427553;4585286;2,13311;41,41586;a8012027@xtec.cat;EINF2C EPRI ESO BATX CFPM CFPS;;EINF2C;EPRI;ESO;BATX;;CFPM;;;CFPS;;;;;;;;;;;;;;;;;;;;;;;
8012714;Institut Anna Gironella de Mundet;1;Públic;4;Corporacions Locals;pg. Vall d'Hebron, s/n;8035;934280292.0;108;Consorci d'Educació de Barcelona;13;Barcelonès;8019;Barcelona;7;Horta - Guinardó;1;Barcelona;428410;4587595;2,14309;41,43673;a8012714@xtec.cat;ESO BATX CFPM CFPS PFI;;;;ESO;BATX;;CFPM;;;CFPS;;;PFI;;;;;;;;;;;;;;;;;;;;
8013093;Institut Montjuïc;1;Públic;1;Departament d'Educació i Formació Professional;c. Cisell, 19;8038;932230221.0;108;Consorci d'Educació de Barcelona;13;Barcelonès;8019;Barcelona;3;Sants - Montjuïc;1;Barcelona;428522;4578521;2,145498;41,35502;a8013093@xtec.cat;ESO BATX;;;;ESO;BATX;;;;;;;;;;;;;;;;;;;;;;;;;;;;
8013101;Institut Joan d'Àustria;1;Públic;1;Departament d'Educació i Formació Professional;c. Selva de Mar, 211;8020;933073402.0;108;Consorci d'Educació de Barcelona;13;Barcelonès;8019;Barcelona;10;Sant Martí;1;Barcelona;433070;4585270;2,199121;41,416;a8013101@xtec.cat;ESO BATX;;;;ESO;BATX;;;;;;;;;;;;;;;;;;;;;;;;;;;;
8013111;Institut Jaume Balmes;1;Públic;1;Departament d'Educació i Formació Professional;c. Pau Claris, 121;8009;934870301.0;108;Consorci d'Educació de Barcelona;13;Barcelonès;8019;Barcelona;2;Eixample;1;Barcelona;430376;4582658;2,167192;41,3924;a8013111@xtec.cat;ESO BATX CFPM;;;;ESO;BATX;;CFPM;;;;;;;;;;;;;;;;;;;;;;;;;;
8013135;Institut Moisès Broggi;1;Públic;1;Departament d'Educació i Formació Professional;c. Sant Quintí, 32-50;8041;934368903.0;108;Consorci d'Educació de Barcelona;13;Barcelonès;8019;Barcelona;10;Sant Martí;1;Barcelona;431332,7;4584980,4;2,178367;41,41344;a8013135@xtec.cat;ESO BATX CFPM CFPS;;;;ESO;BATX;;CFPM;;;CFPS;;;;;;;;;;;;;;;;;;;;;;;
8013147;Institut Sants;1;Públic;1;Departament d'Educació i Formació Professional;c. Dolors Batlle i Sunyer, 9-13;8014;934902466.0;108;Consorci d'Educació de Barcelona;13;Barcelonès;8019;Barcelona;3;Sants - Montjuïc;1;Barcelona;428099;4581443;2,1401;41,3813;a8013147@xtec.cat;ESO BATX;;;;ESO;BATX;;;;;;;;;;;;;;;;;;;;;;;;;;;;
8013159;Institut Infanta Isabel d'Aragó;1;Públic;1;Departament d'Educació i Formació Professional;pl. d'Angeleta Ferrer, 1;8020;933073413.0;108;Consorci d'Educació de Barcelona;13;Barcelonès;8019;Barcelona;10;Sant Martí;1;Barcelona;433090;4585270;2,199359;41,41619;a8013159@xtec.cat;ESO BATX;;;;ESO;BATX;;;;;;;;;;;;;;;;;;;;;;;;;;;;
8013160;Institut Poeta Maragall;1;Públic;1;Departament d'Educació i Formació Professional;c. Provença, 187;8036;934534782.0;108;Consorci d'Educació de Barcelona;13;Barcelonès;8019;Barcelona;2;Eixample;1;Barcelona;429502;4582539;2,156754;41,39129;a8013160@xtec.cat;ESO BATX;;;;ESO;BATX;;;;;;;;;;;;;;;;;;;;;;;;;;;;
8013184;Institut Bernat Metge;1;Públic;1;Departament d'Educació i Formació Professional;c. Menorca, 55;8020;933149611.0;108;Consorci d'Educació de Barcelona;13;Barcelonès;8019;Barcelona;10;Sant Martí;1;Barcelona;433286;4586022;2,201625;41,42298;a8013184@xtec.cat;ESO BATX;;;;ESO;BATX;;;;;;;;;;;;;;;;;;;;;;;;;;;;
8013196;Institut Milà i Fontanals;1;Públic;1;Departament d'Educació i Formació Professional;pl. Josep Ma. Folch i Torres, s/n;8001;934417958.0;108;Consorci d'Educació de Barcelona;13;Barcelonès;8019;Barcelona;1;Ciutat vella;1;Barcelona;430352;4580878;2,167106;41,37641;a8013196@xtec.cat;ESO BATX;;;;ESO;BATX;;;;;;;;;;;;;;;;;;;;;;;;;;;;
8013202;Institut Montserrat;1;Públic;1;Departament d'Educació i Formació Professional;c. Copèrnic, 84;8006;932004913.0;108;Consorci d'Educació de Barcelona;13;Barcelonès;8019;Barcelona;5;Sarrià - Sant Gervasi;1;Barcelona;428371;4583721;2,14308;41,4018;a8013202@xtec.cat;ESO BATX;;;;ESO;BATX;;;;;;;;;;;;;;;;;;;;;;;;;;;;
8013214;Institut Narcís Monturiol;1;Públic;1;Departament d'Educació i Formació Professional;c. Harmonia, s/n;8035;934283017.0;108;Consorci d'Educació de Barcelona;13;Barcelonès;8019;Barcelona;7;Horta - Guinardó;1;Barcelona;428538;4587070;2,144678;41,43201;a8013214@xtec.cat;ESO BATX;;;;ESO;BATX;;;;;;;;;;;;;;;;;;;;;;;;;;;;
8013226;Institut Menéndez y Pelayo;1;Públic;1;Departament d'Educació i Formació Professional;Via Augusta, 140;8006;932002755.0;108;Consorci d'Educació de Barcelona;13;Barcelonès;8019;Barcelona;5;Sarrià - Sant Gervasi;1;Barcelona;428499;4583511;2,14464;41,3999;a8013226@xtec.cat;ESO BATX;;;;ESO;BATX;;;;;;;;;;;;;;;;;;;;;;;;;;;;
8013238;Institut Verdaguer;1;Públic;1;Departament d'Educació i Formació Professional;Parc de la Ciutadella, s/n;8003;933195733.0;108;Consorci d'Educació de Barcelona;13;Barcelonès;8019;Barcelona;1;Ciutat vella;1;Barcelona;432054;4582099;2,187315;41,38755;a8013238@xtec.cat;ESO BATX;;;;ESO;BATX;;;;;;;;;;;;;;;;;;;;;;;;;;;;
8013366;Institut Nou Barris;1;Públic;1;Departament d'Educació i Formació Professional;c. Badosa, 10-14;8016;933507666.0;108;Consorci d'Educació de Barcelona;13;Barcelonès;8019;Barcelona;8;Nou Barris;1;Barcelona;431546;4588014;2,18058;41,44078;a8013366@xtec.cat;ESO BATX;;;;ESO;BATX;;;;;;;;;;;;;;;;;;;;;;;;;;;;
8013469;Institut d'Indústria Sostenible de Barcelona;1;Públic;1;Departament d'Educació i Formació Professional;c. Cristòbal de Moura, 223;8019;933079960.0;108;Consorci d'Educació de Barcelona;13;Barcelonès;8019;Barcelona;10;Sant Martí;1;Barcelona;434196;4585226;2,2126;41,41589;a8013469@xtec.cat;ESO BATX CFPM CFPS IFE PFI TEGM;;;;ESO;BATX;;CFPM;;;CFPS;;IFE;PFI;;;;;;;;;;;;;;;;;TEGM;;;
8013470;Institut Barri Besòs;1;Públic;1;Departament d'Educació i Formació Professional;c. Pujadas, 397;8019;933080102.0;108;Consorci d'Educació de Barcelona;13;Barcelonès;8019;Barcelona;10;Sant Martí;1;Barcelona;434208;4584724;2,21279;41,41137;a8013470@xtec.cat;ESO BATX;;;;ESO;BATX;;;;;;;;;;;;;;;;;;;;;;;;;;;;
8013500;Aula Escuela Europea;2;Privat;22;Fundacions;av. Mare de Déu de Lorda, 34-36;8034;932030354.0;108;Consorci d'Educació de Barcelona;13;Barcelonès;8019;Barcelona;4;Les Corts;1;Barcelona;425365;4583356;2,107167;41,39827;a8013500@xtec.cat;EINF1C EINF2C EPRI ESO BATX;EINF1C;EINF2C;EPRI;ESO;BATX;;;;;;;;;;;;;;;;;;;;;;;;;;;;
8013603;Súnion;2;Privat;26;Societats Mercantils;av. República Argentina, 85-89;8023;934051224.0;108;Consorci d'Educació de Barcelona;13;Barcelonès;8019;Barcelona;5;Sarrià - Sant Gervasi;1;Barcelona;428589;4584700;2,145572;41,41067;a8013603@xtec.cat;ESO BATX;;;;ESO;BATX;;;;;;;;;;;;;;;;;;;;;;;;;;;;
8013640;Joan Pelegrí;2;Privat;22;Fundacions;c. Consell de Cent,14;8014;934316200.0;108;Consorci d'Educació de Barcelona;13;Barcelonès;8019;Barcelona;3;Sants - Montjuïc;1;Barcelona;428458;4580828;2,14447;41,37579;a8013640@xtec.cat;EINF2C EPRI ESO BATX CFPM CFPS;;EINF2C;EPRI;ESO;BATX;;CFPM;;;CFPS;;;;;;;;;;;;;;;;;;;;;;;
8013706;Castro  de la Peña;2;Privat;26;Societats Mercantils;rbla. Volart, 81;8041;934368827.0;108;Consorci d'Educació de Barcelona;13;Barcelonès;8019;Barcelona;7;Horta - Guinardó;1;Barcelona;431094;4585392;2,175462;41,41712;a8013706@xtec.cat;EINF2C EPRI ESO BATX;;EINF2C;EPRI;ESO;BATX;;;;;;;;;;;;;;;;;;;;;;;;;;;;
8014097;Closa;2;Privat;26;Societats Mercantils;c. Emili Roca, 22;8016;933493939.0;108;Consorci d'Educació de Barcelona;13;Barcelonès;8019;Barcelona;8;Nou Barris;1;Barcelona;431333;4586754;2,178171;41,42941;a8014097@xtec.cat;EINF2C EPRI ESO BATX;;EINF2C;EPRI;ESO;BATX;;;;;;;;;;;;;;;;;;;;;;;;;;;;
8014115;Institut Ferran Tallada;1;Públic;4;Corporacions Locals;c. Gran Vista, 54;8032;933577614.0;108;Consorci d'Educació de Barcelona;13;Barcelonès;8019;Barcelona;7;Horta - Guinardó;1;Barcelona;430093;4585763;2,163439;41,4203;a8014115@xtec.cat;ESO BATX CFPM CFPS TEGM;;;;ESO;BATX;;CFPM;;;CFPS;;;;;;;;;;;;;;;;;;;;TEGM;;;
8014188;Institut Josep Serrat i Bonastre;1;Públic;4;Corporacions Locals;c. Marquès de Santa Anna, 4;8023;932174142.0;108;Consorci d'Educació de Barcelona;13;Barcelonès;8019;Barcelona;5;Sarrià - Sant Gervasi;1;Barcelona;428795;4584234;2,148094;41,40649;a8014188@xtec.cat;ESO BATX CFPM CFPS;;;;ESO;BATX;;CFPM;;;CFPS;;;;;;;;;;;;;;;;;;;;;;;
8014206;Institut Caterina Albert;1;Públic;4;Corporacions Locals;c. Rogent, 51;8026;934350126.0;108;Consorci d'Educació de Barcelona;13;Barcelonès;8019;Barcelona;10;Sant Martí;1;Barcelona;431726;4584622;2,183108;41,41024;a8014206@xtec.cat;ESO BATX;;;;ESO;BATX;;;;;;;;;;;;;;;;;;;;;;;;;;;;
8014255;Sopeña Barcelona;2;Privat;22;Fundacions;c. Violant d'Hongria, 39-49;8028;933390544.0;108;Consorci d'Educació de Barcelona;13;Barcelonès;8019;Barcelona;3;Sants - Montjuïc;1;Barcelona;427136;4581106;2,128623;41,3781;a8014255@xtec.cat;ESO CFPM CFPS;;;;ESO;;;CFPM;;;CFPS;;;;;;;;;;;;;;;;;;;;;;;
8014310;Santíssima Trinitat;2;Privat;22;Fundacions;ctra. d'Esplugues, 62-70;8034;932046312.0;108;Consorci d'Educació de Barcelona;13;Barcelonès;8019;Barcelona;4;Les Corts;1;Barcelona;425508;4582406;2,109002;41,38973;a8014310@xtec.cat;ESO BATX CFPM CFPS;;;;ESO;BATX;;CFPM;;;CFPS;;;;;;;;;;;;;;;;;;;;;;;
8014358;Aloma;2;Privat;26;Societats Mercantils;c. Torrent de Can Piquer, 21;8016;934087625.0;108;Consorci d'Educació de Barcelona;13;Barcelonès;8019;Barcelona;8;Nou Barris;1;Barcelona;431355;4587073;2,1784;41,43229;a8014358@xtec.cat;EINF2C EPRI ESO;;EINF2C;EPRI;ESO;;;;;;;;;;;;;;;;;;;;;;;;;;;;;
8014449;FEP Mare de Déu del Roser;2;Privat;22;Fundacions;av. Rectoret, s/n;8017;934069417.0;108;Consorci d'Educació de Barcelona;13;Barcelonès;8019;Barcelona;5;Sarrià - Sant Gervasi;1;Barcelona;424152;4586682;2,092249;41,42812;a8014449@xtec.cat;EINF2C EPRI ESO;;EINF2C;EPRI;ESO;;;;;;;;;;;;;;;;;;;;;;;;;;;;;
8031812;Institut Valldemossa;1;Públic;1;Departament d'Educació i Formació Professional;c. Pintor Alsamora, 7-9;8016;933520152.0;108;Consorci d'Educació de Barcelona;13;Barcelonès;8019;Barcelona;8;Nou Barris;1;Barcelona;431498;4587289;2,180089;41,43424;a8031812@xtec.cat;ESO BATX;;;;ESO;BATX;;;;;;;;;;;;;;;;;;;;;;;;;;;;
8032099;John Talabot;2;Privat;26;Societats Mercantils;c. Escoles Pies, 136;8017;932123499.0;108;Consorci d'Educació de Barcelona;13;Barcelonès;8019;Barcelona;5;Sarrià - Sant Gervasi;1;Barcelona;426871;4584266;2,125077;41,40661;a8032099@xtec.cat;EINF2C EPRI ESO;;EINF2C;EPRI;ESO;;;;;;;;;;;;;;;;;;;;;;;;;;;;;
8033894;Institut Teresa Pàmies;1;Públic;1;Departament d'Educació i Formació Professional;Travessera de Gràcia, 357;8025;934362608.0;108;Consorci d'Educació de Barcelona;13;Barcelonès;8019;Barcelona;7;Horta - Guinardó;1;Barcelona;430474;4584379;2,168159;41,40795;a8033894@xtec.cat;ESO BATX;;;;ESO;BATX;;;;;;;;;;;;;;;;;;;;;;;;;;;;
8034564;Institut Les Corts;1;Públic;1;Departament d'Educació i Formació Professional;Travessera de les Corts, 131-159;8028;933307457.0;108;Consorci d'Educació de Barcelona;13;Barcelonès;8019;Barcelona;4;Les Corts;1;Barcelona;426929;4581453;2,126108;41,38128;a8034564@xtec.cat;ESO BATX;;;;ESO;BATX;;;;;;;;;;;;;;;;;;;;;;;;;;;;
8034576;Institut Joan Salvat i Papasseit;1;Públic;1;Departament d'Educació i Formació Professional;pg. Salvat Papasseit, s/n;8003;933150203.0;108;Consorci d'Educació de Barcelona;13;Barcelonès;8019;Barcelona;1;Ciutat vella;1;Barcelona;432440;4581458;2,192006;41,3818;a8034576@xtec.cat;ESO BATX;;;;ESO;BATX;;;;;;;;;;;;;;;;;;;;;;;;;;;;
8035076;Montseny-Poblenou;2;Privat;21;Cooperatives;c. Pallars, 402-416;8019;933072857.0;108;Consorci d'Educació de Barcelona;13;Barcelonès;8019;Barcelona;10;Sant Martí;1;Barcelona;434028;4584651;2,210654;41,4107;a8035076@xtec.cat;EINF2C EPRI ESO BATX;;EINF2C;EPRI;ESO;BATX;;;;;;;;;;;;;;;;;;;;;;;;;;;;
8035167;Institut Barcelona-Congrés;1;Públic;1;Departament d'Educació i Formació Professional;c. Baró d'Esponellà, 1-15;8031;933585559.0;108;Consorci d'Educació de Barcelona;13;Barcelonès;8019;Barcelona;8;Nou Barris;1;Barcelona;430929;4586758;2,173333;41,42941;a8035167@xtec.cat;ESO BATX;;;;ESO;BATX;;;;;;;;;;;;;;;;;;;;;;;;;;;;
8035209;Institut Pablo R. Picasso;1;Públic;1;Departament d'Educació i Formació Professional;av. Escolapi Càncer, 8;8033;933500308.0;108;Consorci d'Educació de Barcelona;13;Barcelonès;8019;Barcelona;8;Nou Barris;1;Barcelona;431536;4590084;2,180222;41,4594;a8035209@xtec.cat;ESO BATX;;;;ESO;BATX;;;;;;;;;;;;;;;;;;;;;;;;;;;;
8036251;Els Arcs;2;Privat;31;Associacions;c. Copèrnic, 34-40;8021;932014598.0;108;Consorci d'Educació de Barcelona;13;Barcelonès;8019;Barcelona;5;Sarrià - Sant Gervasi;1;Barcelona;428014;4583527;2,138832;41,40005;a8036251@xtec.cat;ESO;;;;ESO;;;;;;;;;;;;;;;;;;;;;;;;;;;;;
8036469;Urgell;2;Privat;25;Altres Confesions Religioses;c. Comte d'Urgell, 133;8036;934530299.0;108;Consorci d'Educació de Barcelona;13;Barcelonès;8019;Barcelona;2;Eixample;1;Barcelona;429194;4581958;2,153131;41,38603;a8036469@xtec.cat;EINF2C EPRI ESO;;EINF2C;EPRI;ESO;;;;;;;;;;;;;;;;;;;;;;;;;;;;;
8037395;Monlau Sagrera;2;Privat;26;Societats Mercantils;c. Monlau, 2,4,6;8027;933408204.0;108;Consorci d'Educació de Barcelona;13;Barcelonès;8019;Barcelona;9;Sant Andreu;1;Barcelona;432365;4586034;2,190594;41,42301;a8037395@xtec.cat;ESO BATX CFPM CFPS PFI ADULTS;;;;ESO;BATX;;CFPM;;;CFPS;;;PFI;;;;;;;;;;;;;;;;;;;;ADULTS
8039057;Institut L'Alzina;1;Públic;1;Departament d'Educació i Formació Professional;ptge. Salvador Riera, s/n;8027;933409850.0;108;Consorci d'Educació de Barcelona;13;Barcelonès;8019;Barcelona;9;Sant Andreu;1;Barcelona;431378;4586222;2,178773;41,42463;a8039057@xtec.cat;ESO BATX;;;;ESO;BATX;;;;;;;;;;;;;;;;;;;;;;;;;;;;
8039987;L'Horitzó;2;Privat;22;Fundacions;pg. de la Bonanova, 7;8022;934177658.0;108;Consorci d'Educació de Barcelona;13;Barcelonès;8019;Barcelona;5;Sarrià - Sant Gervasi;1;Barcelona;427503;4584198;2,132637;41,40605;a8039987@xtec.cat;EINF1C EINF2C EPRI ESO BATX;EINF1C;EINF2C;EPRI;ESO;BATX;;;;;;;;;;;;;;;;;;;;;;;;;;;;
8040138;Institut La Sedeta;1;Públic;1;Departament d'Educació i Formació Professional;c. Indústria, 67-73;8025;934589901.0;108;Consorci d'Educació de Barcelona;13;Barcelonès;8019;Barcelona;6;Gràcia;1;Barcelona;430486;4584074;2,168345;41,4052;a8040138@xtec.cat;ESO BATX;;;;ESO;BATX;;;;;;;;;;;;;;;;;;;;;;;;;;;;
8040141;Institut Icària;1;Públic;1;Departament d'Educació i Formació Professional;c. Doctor Trueta, 81;8005;932250502.0;108;Consorci d'Educació de Barcelona;13;Barcelonès;8019;Barcelona;10;Sant Martí;1;Barcelona;432797;4582740;2,196136;41,39338;a8040141@xtec.cat;ESO BATX;;;;ESO;BATX;;;;;;;;;;;;;;;;;;;;;;;;;;;;
8040199;Padre Damián Sagrados Corazones;2;Privat;24;Ordes i Congregacions Catòlics;av. Vallvidrera, 8-10-12-14;8017;932031274.0;108;Consorci d'Educació de Barcelona;13;Barcelonès;8019;Barcelona;5;Sarrià - Sant Gervasi;1;Barcelona;426110;4584112;2,115985;41,40515;a8040199@xtec.cat;EINF1C EINF2C EPRI ESO BATX;EINF1C;EINF2C;EPRI;ESO;BATX;;;;;;;;;;;;;;;;;;;;;;;;;;;;
8040849;Institut Fort Pius;1;Públic;1;Departament d'Educació i Formació Professional;c. Ausias March, 78;8013;932316013.0;108;Consorci d'Educació de Barcelona;13;Barcelonès;8019;Barcelona;2;Eixample;1;Barcelona;431431;4582857;2,17979;41,39432;a8040849@xtec.cat;ESO BATX;;;;ESO;BATX;;;;;;;;;;;;;;;;;;;;;;;;;;;;
8042664;Solc;2;Privat;21;Cooperatives;c. Ardena, 36-38;8034;932061313.0;108;Consorci d'Educació de Barcelona;13;Barcelonès;8019;Barcelona;4;Les Corts;1;Barcelona;425309;4582429;2,106617;41,38992;a8042664@xtec.cat;EINF2C EPRI ESO;;EINF2C;EPRI;ESO;;;;;;;;;;;;;;;;;;;;;;;;;;;;;
8043462;Institut Ernest Lluch;1;Públic;1;Departament d'Educació i Formació Professional;c. Diputació, 15;8015;934262035.0;108;Consorci d'Educació de Barcelona;13;Barcelonès;8019;Barcelona;2;Eixample;1;Barcelona;428972;4581091;2,150575;41,3782;a8043462@xtec.cat;ESO BATX;;;;ESO;BATX;;;;;;;;;;;;;;;;;;;;;;;;;;;;
8044326;Roca;2;Privat;26;Societats Mercantils;av. Meridiana, 263;8027;932430770.0;108;Consorci d'Educació de Barcelona;13;Barcelonès;8019;Barcelona;9;Sant Andreu;1;Barcelona;432019;4585914;2,186469;41,4219;a8044326@xtec.cat;ESO BATX CFPM CFPS PFI ADULTS;;;;ESO;BATX;;CFPM;;;CFPS;;;PFI;;;;;;;;;;;;;;;;;;;;ADULTS
8044818;Zurich;2;Privat;26;Societats Mercantils;av. Pearson, 73;8034;932037606.0;108;Consorci d'Educació de Barcelona;13;Barcelonès;8019;Barcelona;4;Les Corts;1;Barcelona;425125;4582824;2,104361;41,3934;a8044818@xtec.cat;EINF2C EPRI ESO;;EINF2C;EPRI;ESO;;;;;;;;;;;;;;;;;;;;;;;;;;;;;
8044922;Institut Dr. Puigvert;1;Públic;1;Departament d'Educació i Formació Professional;pg. de Santa Coloma, 46-54;8030;932740612.0;108;Consorci d'Educació de Barcelona;13;Barcelonès;8019;Barcelona;9;Sant Andreu;1;Barcelona;432618;4588590;2,193344;41,44605;a8044922@xtec.cat;ESO BATX;;;;ESO;BATX;;;;;;;;;;;;;;;;;;;;;;;;;;;;
8044958;Institut Josep Pla;1;Públic;1;Departament d'Educació i Formació Professional;c. Vall d'Ordesa, 24-34;8031;933570370.0;108;Consorci d'Educació de Barcelona;13;Barcelonès;8019;Barcelona;8;Nou Barris;1;Barcelona;430178;4587017;2,164321;41,43168;a8044958@xtec.cat;ESO BATX;;;;ESO;BATX;;;;;;;;;;;;;;;;;;;;;;;;;;;;
8045203;Institut Obert de Catalunya;1;Públic;1;Departament d'Educació i Formació Professional;av. del Paral·lel, 71-73;8004;933476100.0;208;Barcelonès;13;Barcelonès;8019;Barcelona;3;Sants - Montjuïc;1;Barcelona;430453;4580696;2,16834;41,37478;a8045203@xtec.cat;ESO BATX CFPM CFPS IDI ADULTS;;;;ESO;BATX;;CFPM;;;CFPS;;;;;;;;;;;;;IDI;;;;;;;;;;ADULTS
8045264;AH Hospital de Sant Pau - AH;2;Privat;22;Fundacions;c. Sant Quintí, 89, bloc E, 2a;8025;932919385.0;108;Consorci d'Educació de Barcelona;13;Barcelonès;8019;Barcelona;7;Horta - Guinardó;1;Barcelona;431140;4585137;2,176047;41,41483;a8045264@xtec.cat;EINF2C EPRI ESO;;EINF2C;EPRI;ESO;;;;;;;;;;;;;;;;;;;;;;;;;;;;;
8045483;Institut Vila de Gràcia;1;Públic;1;Departament d'Educació i Formació Professional;c. Riera de Sant Miquel, 58-62;8006;934150262.0;108;Consorci d'Educació de Barcelona;13;Barcelonès;8019;Barcelona;6;Gràcia;1;Barcelona;429392;4583342;2,155345;41,39852;a8045483@xtec.cat;ESO BATX;;;;ESO;BATX;;;;;;;;;;;;;;;;;;;;;;;;;;;;
8045513;Institut Flos i Calcat;1;Públic;1;Departament d'Educació i Formació Professional;av. Rio de Janeiro, 92;8016;933542961.0;108;Consorci d'Educació de Barcelona;13;Barcelonès;8019;Barcelona;8;Nou Barris;1;Barcelona;431569;4587665;2,180885;41,43763;a8045513@xtec.cat;ESO BATX CFPM CFPS;;;;ESO;BATX;;CFPM;;;CFPS;;;;;;;;;;;;;;;;;;;;;;;
8045525;Institut Manuel Carrasco i Formiguera;1;Públic;1;Departament d'Educació i Formació Professional;c. Santa Fe, 2;8031;933575254.0;108;Consorci d'Educació de Barcelona;13;Barcelonès;8019;Barcelona;8;Nou Barris;1;Barcelona;430986;4586486;2,174043;41,42696;a8045525@xtec.cat;ESO BATX;;;;ESO;BATX;;;;;;;;;;;;;;;;;;;;;;;;;;;;
8046581;Institut Lluís Vives;1;Públic;1;Departament d'Educació i Formació Professional;c. Canalejas, 107;8028;934317094.0;108;Consorci d'Educació de Barcelona;13;Barcelonès;8019;Barcelona;3;Sants - Montjuïc;1;Barcelona;427082;4580402;2,128059;41,37183;a8046581@xtec.cat;ESO BATX;;;;ESO;BATX;;;;;;;;;;;;;;;;;;;;;;;;;;;;
8046608;Institut Príncep de Viana;1;Públic;1;Departament d'Educació i Formació Professional;c. Torroella de Montgrí, 6-18;8027;931144168.0;108;Consorci d'Educació de Barcelona;13;Barcelonès;8019;Barcelona;9;Sant Andreu;1;Barcelona;432042;4586571;2,186669;41,42782;a8046608@xtec.cat;ESO BATX;;;;ESO;BATX;;;;;;;;;;;;;;;;;;;;;;;;;;;;
8047421;Institut Montserrat Roig;1;Públic;1;Departament d'Educació i Formació Professional;c. Pau Alsina, 25;8025;932853491.0;108;Consorci d'Educació de Barcelona;13;Barcelonès;8019;Barcelona;6;Gràcia;1;Barcelona;430214;4584320;2,165054;41,40739;a8047421@xtec.cat;ESO BATX;;;;ESO;BATX;;;;;;;;;;;;;;;;;;;;;;;;;;;;
8047431;Institut XXV Olimpíada;1;Públic;1;Departament d'Educació i Formació Professional;c. Dàlia, s/n;8004;932890630.0;108;Consorci d'Educació de Barcelona;13;Barcelonès;8019;Barcelona;3;Sants - Montjuïc;1;Barcelona;428823;4580223;2,1489;41,37037;a8047431@xtec.cat;ESO BATX;;;;ESO;BATX;;;;;;;;;;;;;;;;;;;;;;;;;;;;
8051021;Camí;2;Privat;26;Societats Mercantils;c. Vèlia, 28;8016;933117451.0;108;Consorci d'Educació de Barcelona;13;Barcelonès;8019;Barcelona;8;Nou Barris;1;Barcelona;431565;4586781;2,180943;41,42967;a8051021@xtec.cat;EPRI ESO CFPM CFPS TEGM;;;EPRI;ESO;;;CFPM;;;CFPS;;;;;;;;;;;;;;;;;;;;TEGM;;;
8052581;Institut Miquel Tarradell;1;Públic;1;Departament d'Educació i Formació Professional;c. dels Àngels, 1 bis;8001;934412380.0;108;Consorci d'Educació de Barcelona;13;Barcelonès;8019;Barcelona;1;Ciutat vella;1;Barcelona;430466;4581483;2,168399;41,38186;a8052581@xtec.cat;ESO BATX CFPM CFPS;;;;ESO;BATX;;CFPM;;;CFPS;;;;;;;;;;;;;;;;;;;;;;;
8052608;Institut Pau Claris;1;Públic;1;Departament d'Educació i Formació Professional;pg. Lluís Companys, 18;8018;933208078.0;108;Consorci d'Educació de Barcelona;13;Barcelonès;8019;Barcelona;1;Ciutat vella;1;Barcelona;431559;4582512;2,181348;41,39123;a8052608@xtec.cat;ESO BATX;;;;ESO;BATX;;;;;;;;;;;;;;;;;;;;;;;;;;;;
8052700;Institut Vall d'Hebron;1;Públic;1;Departament d'Educació i Formació Professional;pg. de la Vall d'Hebron, 93-95;8035;932125004.0;108;Consorci d'Educació de Barcelona;13;Barcelonès;8019;Barcelona;7;Horta - Guinardó;1;Barcelona;428225;4586063;2,141052;41,42291;a8052700@xtec.cat;ESO BATX CFPM CFPS PFI;;;;ESO;BATX;;CFPM;;;CFPS;;;PFI;;;;;;;;;;;;;;;;;;;;
8052724;Institut Francisco de Goya;1;Públic;1;Departament d'Educació i Formació Professional;c. Garriga i Roca, 21;8041;934503526.0;108;Consorci d'Educació de Barcelona;13;Barcelonès;8019;Barcelona;7;Horta - Guinardó;1;Barcelona;430616;4585826;2,169696;41,42099;a8052724@xtec.cat;ESO BATX;;;;ESO;BATX;;;;;;;;;;;;;;;;;;;;;;;;;;;;
8052797;Institut Salvador Espriu;1;Públic;1;Departament d'Educació i Formació Professional;pl. de les Glòries Catalanes, 20;8018;932449560.0;108;Consorci d'Educació de Barcelona;13;Barcelonès;8019;Barcelona;10;Sant Martí;1;Barcelona;432086;4584054;2,18749;41,40516;a8052797@xtec.cat;ESO BATX;;;;ESO;BATX;;;;;;;;;;;;;;;;;;;;;;;;;;;;
8052827;Institut Lluís Domènech i Montaner;1;Públic;1;Departament d'Educació i Formació Professional;c. Alumini, 48-82/cantonada c. Coure;8038;932969729.0;108;Consorci d'Educació de Barcelona;13;Barcelonès;8019;Barcelona;3;Sants - Montjuïc;1;Barcelona;427508;4578992;2,133324;41,35916;a8052827@xtec.cat;ESO BATX;;;;ESO;BATX;;;;;;;;;;;;;;;;;;;;;;;;;;;;
8052839;Institut Consell de Cent;1;Públic;1;Departament d'Educació i Formació Professional;c. Carrera, 25;8004;934424048.0;108;Consorci d'Educació de Barcelona;13;Barcelonès;8019;Barcelona;3;Sants - Montjuïc;1;Barcelona;430963;4580514;2,174456;41,37318;a8052839@xtec.cat;ESO BATX CFPS;;;;ESO;BATX;;;;;CFPS;;;;;;;;;;;;;;;;;;;;;;;
8053571;Inst-Esc Art. Oriol Martorell;1;Públic;1;Departament d'Educació i Formació Professional;c. Artesania, 39-41;8042;933503917.0;108;Consorci d'Educació de Barcelona;13;Barcelonès;8019;Barcelona;8;Nou Barris;1;Barcelona;430892;4588088;2,172743;41,44139;a8053571@xtec.cat;EPRI ESO BATX ESCM ESCS DANE DANP MUSE MUSP;;;EPRI;ESO;BATX;;;;;;;;;;;;;;ESCM;ESCS;;;;DANE;DANP;;MUSE;MUSP;;;;;
8054228;Institut Dolors Aleu;1;Públic;1;Departament d'Educació i Formació Professional;pl. Ferran Reyes, 2-3;8027;932431560.0;108;Consorci d'Educació de Barcelona;13;Barcelonès;8019;Barcelona;9;Sant Andreu;1;Barcelona;431976;4585534;2,186003;41,41848;a8054228@xtec.cat;ESO BATX;;;;ESO;BATX;;;;;;;;;;;;;;;;;;;;;;;;;;;;
8054848;Institut Bosc de Montjuïc;1;Públic;4;Corporacions Locals;av. Miramar, s/n;8038;934410221.0;108;Consorci d'Educació de Barcelona;13;Barcelonès;8019;Barcelona;3;Sants - Montjuïc;1;Barcelona;429866;4580057;2,161387;41,36897;a8054848@xtec.cat;ESO;;;;ESO;;;;;;;;;;;;;;;;;;;;;;;;;;;;;
8055191;AH Hospital Universitari de la Vall d'Hebron - AH;1;Públic;5;Altres Ens Públics;pg. de la Vall d'Hebron, 119-129;8035;934893100.0;108;Consorci d'Educació de Barcelona;13;Barcelonès;8019;Barcelona;7;Horta - Guinardó;1;Barcelona;428434;4586651;2,143485;41,42823;a8055191@xtec.cat;EINF2C EPRI ESO;;EINF2C;EPRI;ESO;;;;;;;;;;;;;;;;;;;;;;;;;;;;;
8057084;Augusta;2;Privat;21;Cooperatives;c. Rector Ubach, 56-60;8021;932092735.0;108;Consorci d'Educació de Barcelona;13;Barcelonès;8019;Barcelona;5;Sarrià - Sant Gervasi;1;Barcelona;428249;4583176;2,141692;41,39691;a8057084@xtec.cat;EINF2C EPRI ESO BATX;;EINF2C;EPRI;ESO;BATX;;;;;;;;;;;;;;;;;;;;;;;;;;;;
8057540;Institut Joan Brossa;1;Públic;1;Departament d'Educació i Formació Professional;av. Mare de Déu de Montserrat, 78-84;8024;934335180.0;108;Consorci d'Educació de Barcelona;13;Barcelonès;8019;Barcelona;7;Horta - Guinardó;1;Barcelona;430395;4585186;2,167119;41,4152;a8057540@xtec.cat;ESO BATX CFPM CFPS PFI;;;;ESO;BATX;;CFPM;;;CFPS;;;PFI;;;;;;;;;;;;;;;;;;;;
8058106;HDA-TEA Hospital Clínic - HDA-TEA;2;Privat;29;Altres Titularitats;c. Villarroel, 170, escala 11, 3r.;8036;932279972.0;108;Consorci d'Educació de Barcelona;13;Barcelonès;8019;Barcelona;2;Eixample;1;Barcelona;429083;4582302;2,151765;41,38912;a8058106@xtec.cat;EINF2C EPRI ESO;;EINF2C;EPRI;ESO;;;;;;;;;;;;;;;;;;;;;;;;;;;;;
8058775;Institut Front Marítim;1;Públic;1;Departament d'Educació i Formació Professional;c. Espronceda, 18-34;8005;933037285.0;108;Consorci d'Educació de Barcelona;13;Barcelonès;8019;Barcelona;10;Sant Martí;1;Barcelona;433832;4583755;2,208407;41,40261;a8058775@xtec.cat;ESO BATX;;;;ESO;BATX;;;;;;;;;;;;;;;;;;;;;;;;;;;;
8059342;IESA Institut del Teatre;1;Públic;4;Corporacions Locals;pl. Margarida Xirgu, s/n;8004;932273900.0;108;Consorci d'Educació de Barcelona;13;Barcelonès;8019;Barcelona;3;Sants - Montjuïc;1;Barcelona;429520;4580343;2,157218;41,37152;a8059342@xtec.cat;ESO BATX DANP;;;;ESO;BATX;;;;;;;;;;;;;;;;;;;;DANP;;;;;;;;
8062389;HDA Hospital de Dia Pere Claver - HDA;1;Públic;99;No Informat;c. Mare de Déu del Port, 344;8038;934317162.0;108;Consorci d'Educació de Barcelona;13;Barcelonès;8019;Barcelona;3;Sants - Montjuïc;1;Barcelona;428041;4579686;2,139613;41,36547;a8062389@xtec.cat;EINF2C EPRI ESO;;EINF2C;EPRI;ESO;;;;;;;;;;;;;;;;;;;;;;;;;;;;;
8063011;HDA Hospital Clínic - HDA;1;Públic;99;No Informat;c. Villarroel, 170, escala 11, 3r.;8028;932279971.0;108;Consorci d'Educació de Barcelona;13;Barcelonès;8019;Barcelona;4;Les Corts;1;Barcelona;429082;4582303;2,151752;41,38913;a8063011@xtec.cat;EINF2C EPRI ESO;;EINF2C;EPRI;ESO;;;;;;;;;;;;;;;;;;;;;;;;;;;;;
8064155;Institut Quatre Cantons;1;Públic;1;Departament d'Educació i Formació Professional;Camí Antic de València, 37-39;8018;933037670.0;108;Consorci d'Educació de Barcelona;13;Barcelonès;8019;Barcelona;10;Sant Martí;1;Barcelona;433151;4583932;2,200241;41,40415;a8064155@xtec.cat;ESO BATX;;;;ESO;BATX;;;;;;;;;;;;;;;;;;;;;;;;;;;;
8064192;Institut Angeleta Ferrer;1;Públic;1;Departament d'Educació i Formació Professional;c. Marina, 193-195;8013;;108;Consorci d'Educació de Barcelona;13;Barcelonès;8019;Barcelona;2;Eixample;1;Barcelona;431376,4;4583538,2;2,179053;41,40045;a8064192@xtec.cat;ESO;;;;ESO;;;;;;;;;;;;;;;;;;;;;;;;;;;;;
8066528;Institut Martí Pous;1;Públic;1;Departament d'Educació i Formació Professional;Sant Adrià, 14-18, edifici B;8009;;108;Consorci d'Educació de Barcelona;13;Barcelonès;8019;Barcelona;9;Sant Andreu;1;Barcelona;432441;4587201;2,19138;41,43353;a8066528@xtec.cat;ESO BATX;;;;ESO;BATX;;;;;;;;;;;;;;;;;;;;;;;;;;;;
8066541;Institut Maria Espinalt;1;Públic;1;Departament d'Educació i Formació Professional;c. Camí antic de València, 82-90;8018;637369682.0;108;Consorci d'Educació de Barcelona;13;Barcelonès;8019;Barcelona;10;Sant Martí;1;Barcelona;433362,1;4584150,2;2,202738;41,40613;a8066541@xtec.cat;ESO BATX;;;;ESO;BATX;;;;;;;;;;;;;;;;;;;;;;;;;;;;
8066565;Institut Joncar;1;Públic;1;Departament d'Educació i Formació Professional;c. del Joncar, 35;8005;;108;Consorci d'Educació de Barcelona;13;Barcelonès;8019;Barcelona;10;Sant Martí;1;Barcelona;433507;4583620;2,204526;41,40137;a8066565@xtec.cat;ESO BATX;;;;ESO;BATX;;;;;;;;;;;;;;;;;;;;;;;;;;;;
8066905;Institut Viladomat;1;Públic;1;Departament d'Educació i Formació Professional;c. Consell de Cent, 148-154;8015;;108;Consorci d'Educació de Barcelona;13;Barcelonès;8019;Barcelona;2;Eixample;1;Barcelona;429178,7;4581473,4;2,153007;41,38166;a8066905@xtec.cat;ESO BATX;;;;ESO;BATX;;;;;;;;;;;;;;;;;;;;;;;;;;;;
8067740;Institut Vallcarca;1;Públic;1;Departament d'Educació i Formació Professional;av. Vallcarca, 200-222;8023;677378738.0;108;Consorci d'Educació de Barcelona;13;Barcelonès;8019;Barcelona;6;Gràcia;1;Barcelona;428256,4;4585419,2;2,141509;41,41712;a8067740@xtec.cat;ESO;;;;ESO;;;;;;;;;;;;;;;;;;;;;;;;;;;;;
8067752;Institut Sagrera Sant Andreu;1;Públic;1;Departament d'Educació i Formació Professional;c. Fernando Pessoa, 10;8030;;108;Consorci d'Educació de Barcelona;13;Barcelonès;8019;Barcelona;9;Sant Andreu;1;Barcelona;432627;4587830;2,193533;41,43922;a8067752@xtec.cat;ESO BATX;;;;ESO;BATX;;;;;;;;;;;;;;;;;;;;;;;;;;;;
8068057;HDA Hospital de Dia Nou Barris - HDA;1;Públic;2;Altres Departaments;c. Almansa, 43-45;8042;;108;Consorci d'Educació de Barcelona;13;Barcelonès;8019;Barcelona;8;Nou Barris;1;Barcelona;431078;4588268;2,17494;41,44302;a8068057@xtec.cat;ESO;;;;ESO;;;;;;;;;;;;;;;;;;;;;;;;;;;;;
8068151;C.Educ.Justícia Can Llupià;1;Públic;2;Altres Departaments;c. German Desvalls, 58-60;8035;;108;Consorci d'Educació de Barcelona;13;Barcelonès;8019;Barcelona;7;Horta - Guinardó;1;Barcelona;428714;4588068;2,146672;41,44101;a8068151@xtec.cat;ESO;;;;ESO;;;;;;;;;;;;;;;;;;;;;;;;;;;;;
8070672;HDA Hospital de Dia de Les Corts i Sarrià-Sant Gervasi;1;Públic;99;No Informat;c. Via Augusta, 364-372, 5a planta;8021;933636503.0;108;Consorci d'Educació de Barcelona;13;Barcelonès;8019;Barcelona;4;Les Corts;1;Barcelona;427333;4581904;2,130887;41,38538;a8070672@xtec.cat;EPRI ESO;;;EPRI;ESO;;;;;;;;;;;;;;;;;;;;;;;;;;;;;
8071226;Institut Escola Costa i Llobera;1;Públic;1;Departament d'Educació i Formació Professional;Camí de la Capella de Can Caralleu, s/n;8017;932047551.0;108;Consorci d'Educació de Barcelona;13;Barcelonès;8019;Barcelona;5;Sarrià - Sant Gervasi;1;Barcelona;425519;4583670;2,108975;41,40111;a8071226@xtec.cat;EINF2C EPRI ESO BATX;;EINF2C;EPRI;ESO;BATX;;;;;;;;;;;;;;;;;;;;;;;;;;;;
8072292;Institut Escola Turó de Roquetes;1;Públic;1;Departament d'Educació i Formació Professional;c. Alcàntara, 22;8001;;108;Consorci d'Educació de Barcelona;13;Barcelonès;8019;Barcelona;8;Nou Barris;1;Barcelona;430903;4588630;2,172814;41,44627;a8072292@xtec.cat;EINF2C EPRI ESO;;EINF2C;EPRI;ESO;;;;;;;;;;;;;;;;;;;;;;;;;;;;;
8072310;Institut Escola Rec Comtal;1;Públic;1;Departament d'Educació i Formació Professional;c. Via Barcino, 90;8033;;108;Consorci d'Educació de Barcelona;13;Barcelonès;8019;Barcelona;9;Sant Andreu;1;Barcelona;432483;4589143;2,191662;41,45106;a8072310@xtec.cat;EINF2C EPRI ESO;;EINF2C;EPRI;ESO;;;;;;;;;;;;;;;;;;;;;;;;;;;;;
8075657;Institut Escola Antaviana;1;Públic;1;Departament d'Educació i Formació Professional;c. Nou Barris, 12;8001;933538793.0;108;Consorci d'Educació de Barcelona;13;Barcelonès;8019;Barcelona;8;Nou Barris;1;Barcelona;431325;4588856;2,177835;41,44835;a8075657@xtec.cat;EINF2C EPRI ESO;;EINF2C;EPRI;ESO;;;;;;;;;;;;;;;;;;;;;;;;;;;;;
8075669;Institut Escola El Til·ler;1;Públic;1;Departament d'Educació i Formació Professional;pg. de Mollerussa, 1;8030;933456947.0;108;Consorci d'Educació de Barcelona;13;Barcelonès;8019;Barcelona;9;Sant Andreu;1;Barcelona;433433;4587749;2,203193;41,43855;a8075669@xtec.cat;EINF2C EPRI ESO;;EINF2C;EPRI;ESO;;;;;;;;;;;;;;;;;;;;;;;;;;;;;
8075670;Institut Escola Trinitat Nova;1;Públic;1;Departament d'Educació i Formació Professional;c. Pedrosa, 16;8001;933592500.0;108;Consorci d'Educació de Barcelona;13;Barcelonès;8019;Barcelona;8;Nou Barris;1;Barcelona;431888;4588890;2,184567;41,4487;a8075670@xtec.cat;EINF2C EPRI ESO;;EINF2C;EPRI;ESO;;;;;;;;;;;;;;;;;;;;;;;;;;;;;
8076391;Institut Pedralbes;1;Públic;1;Departament d'Educació i Formació Professional;av. Esplugues, 40;8034;;108;Consorci d'Educació de Barcelona;13;Barcelonès;8019;Barcelona;4;Les Corts;1;Barcelona;425243;4582032;2,105869;41,38634;a8076391@xtec.cat;ESO BATX CFPM CFPS PFI;;;;ESO;BATX;;CFPM;;;CFPS;;;PFI;;;;;;;;;;;;;;;;;;;;
8076509;Institut Escola Arts;1;Públic;1;Departament d'Educació i Formació Professional;C. Miquel Bleach, 24;8014;;108;Consorci d'Educació de Barcelona;13;Barcelonès;8019;Barcelona;3;Sants - Montjuïc;1;Barcelona;428277;4580828;2,142304;41,37577;a8076509@xtec.cat;EINF2C EPRI ESO;;EINF2C;EPRI;ESO;;;;;;;;;;;;;;;;;;;;;;;;;;;;;
8077010;Institut Escola Coves d'en Cimany;1;Públic;1;Departament d'Educació i Formació Professional;c. Coves d'en Cimany, 42-54;8032;;108;Consorci d'Educació de Barcelona;13;Barcelonès;8019;Barcelona;7;Horta - Guinardó;1;Barcelona;429198;4585807;1,592978;41,22785;a8077010@xtec.cat;EINF2C EPRI ESO;;EINF2C;EPRI;ESO;;;;;;;;;;;;;;;;;;;;;;;;;;;;;
8077095;Institut Escola Mirades;1;Públic;1;Departament d'Educació i Formació Professional;c. Farners, 60-72;8032;;108;Consorci d'Educació de Barcelona;13;Barcelonès;8019;Barcelona;7;Horta - Guinardó;1;Barcelona;429221;4586413;2,152905;41,42616;a8077095@xtec.cat;EINF2C EPRI ESO;;EINF2C;EPRI;ESO;;;;;;;;;;;;;;;;;;;;;;;;;;;;;
8077101;Institut Escola Tres Fonts de les Corts;1;Públic;1;Departament d'Educació i Formació Professional;c. Eugeni d'Ors, 2;8028;;108;Consorci d'Educació de Barcelona;13;Barcelonès;8019;Barcelona;4;Les Corts;1;Barcelona;427141;4581773;2,128661;41,3842;a8077101@xtec.cat;EINF2C EPRI ESO;;EINF2C;EPRI;ESO;;;;;;;;;;;;;;;;;;;;;;;;;;;;;
8077137;Institut de l'Esport de Barcelona;1;Públic;1;Departament d'Educació i Formació Professional;av. Francesc Ferrer i Guàrdia, 16;8038;931537424.0;108;Consorci d'Educació de Barcelona;13;Barcelonès;8019;Barcelona;3;Sants - Montjuïc;1;Barcelona;428846;4580206;2,149123;41,37032;a8077137@xtec.cat;ESO CFPM CFPS IFE TEGM;;;;ESO;;;CFPM;;;CFPS;;IFE;;;;;;;;;;;;;;;;;;TEGM;;;
8077149;Institut Escola Eixample;1;Públic;1;Departament d'Educació i Formació Professional;c. València, 252;8007;;108;Consorci d'Educació de Barcelona;13;Barcelonès;8019;Barcelona;2;Eixample;1;Barcelona;429929;4582548;2,161829;41,39137;a8077149@xtec.cat;EINF2C EPRI ESO;;EINF2C;EPRI;ESO;;;;;;;;;;;;;;;;;;;;;;;;;;;;;
8077231;HDA Hospital de Dia Litoral Mar - HDA;1;Públic;2;Altres Departaments;c. Davant del Portal Nou, s/n;8003;;108;Consorci d'Educació de Barcelona;13;Barcelonès;8019;Barcelona;10;Sant Martí;1;Barcelona;431486;4582396;2,180528;41,39021;a8077231@xtec.cat;EINF2C EPRI ESO;;EINF2C;EPRI;ESO;;;;;;;;;;;;;;;;;;;;;;;;;;;;;
8077484;Institut Escola Elisabets;1;Públic;1;Departament d'Educació i Formació Professional;c. Elisabets, 8-10;8001;;108;Consorci d'Educació de Barcelona;13;Barcelonès;8019;Barcelona;1;Ciutat vella;1;Barcelona;430487,23;4581655,943;2,168633261;41,38342709;a8077484@xtec.cat;EINF2C EPRI ESO;;EINF2C;EPRI;ESO;;;;;;;;;;;;;;;;;;;;;;;;;;;;;
8077496;Institut Escola Sicília;1;Públic;1;Departament d'Educació i Formació Professional;c. Sicília, 249;8025;;108;Consorci d'Educació de Barcelona;13;Barcelonès;8019;Barcelona;2;Eixample;1;Barcelona;430747,601;4583760,09;2,171506363;41,40240092;a8077496@xtec.cat;EINF2C EPRI ESO;;EINF2C;EPRI;ESO;;;;;;;;;;;;;;;;;;;;;;;;;;;;;
8077502;Institut Escola Londres;1;Públic;1;Departament d'Educació i Formació Professional;c. Comte d'Urgell, 262;8036;;108;Consorci d'Educació de Barcelona;13;Barcelonès;8019;Barcelona;2;Eixample;1;Barcelona;428689,88;4582517,33;2,147037981;41,39102798;a8077502@xtec.cat;EINF2C EPRI ESO;;EINF2C;EPRI;ESO;;;;;;;;;;;;;;;;;;;;;;;;;;;;;
8077800;Institut Escola Els 30 Passos;1;Públic;1;Departament d'Educació i Formació Professional;c. Berenguer de Palou, 68;8027;;108;Consorci d'Educació de Barcelona;13;Barcelonès;8019;Barcelona;9;Sant Andreu;1;Barcelona;432481,482;4586246,196;2,19197;41,42494;a8077800@xtec.cat;EINF2C EPRI ESO;;EINF2C;EPRI;ESO;;;;;;;;;;;;;;;;;;;;;;;;;;;;;
8077952;Institut Escola Projecte;1;Públic;1;Departament d'Educació i Formació Professional;av. Tibidabo, 16;8022;;108;Consorci d'Educació de Barcelona;13;Barcelonès;8019;Barcelona;5;Sarrià - Sant Gervasi;1;Barcelona;427804,5;4584814,9;2,136175;41,41164;a8077952@xtec.cat;EINF2C EPRI ESO;;EINF2C;EPRI;ESO;;;;;;;;;;;;;;;;;;;;;;;;;;;;;
8077964;Institut Escola El Molí;1;Públic;1;Departament d'Educació i Formació Professional;c. Molí, 57;8016;;108;Consorci d'Educació de Barcelona;13;Barcelonès;8019;Barcelona;8;Nou Barris;1;Barcelona;431602,3;4588446,1;2,181201;41,44468;a8077964@xtec.cat;EINF2C EPRI ESO;;EINF2C;EPRI;ESO;;;;;;;;;;;;;;;;;;;;;;;;;;;;;
8078361;Institut Escola Sant Felip Neri;1;Públic;1;Departament d'Educació i Formació Professional;pça. Sant Felip Neri, 6;8002;;108;Consorci d'Educació de Barcelona;13;Barcelonès;8019;Barcelona;1;Ciutat vella;1;Barcelona;431017,9;4581634,3;2,174982;41,38327;a8078361@xtec.cat;EINF2C EPRI ESO;;EINF2C;EPRI;ESO;;;;;;;;;;;;;;;;;;;;;;;;;;;;;
8078725;Institut Escola Tramuntana;1;Públic;1;Departament d'Educació i Formació Professional;c. Guardiola i Feliu, 9;8030;;108;Consorci d'Educació de Barcelona;13;Barcelonès;8019;Barcelona;9;Sant Andreu;1;Barcelona;432278,6999;4587787,352;2,189374;41,4388;a8078725@xtec.cat;EINF2C EPRI ESO;;EINF2C;EPRI;ESO;;;;;;;;;;;;;;;;;;;;;;;;;;;;;
8078762;Institut Escola Ciutat Comtal;1;Públic;1;Departament d'Educació i Formació Professional;c. Pujalt, 6-8;8033;;108;Consorci d'Educació de Barcelona;13;Barcelonès;8019;Barcelona;8;Nou Barris;1;Barcelona;431752,3;4590469,1;2,182768;41,46291;a8078762@xtec.cat;EINF2C EPRI ESO;;EINF2C;EPRI;ESO;;;;;;;;;;;;;;;;;;;;;;;;;;;;;
8078774;Institut Escola Elisenda de Montcada;1;Públic;1;Departament d'Educació i Formació Professional;c. Vallcivera, 1;8033;;108;Consorci d'Educació de Barcelona;13;Barcelonès;8019;Barcelona;8;Nou Barris;1;Barcelona;431432,7;4590180,1;2,178973;41,46028;a8078774@xtec.cat;EINF2C EPRI ESO;;EINF2C;EPRI;ESO;;;;;;;;;;;;;;;;;;;;;;;;;;;;;
8078786;Institut Escola Ferrer i Guàrdia;1;Públic;1;Departament d'Educació i Formació Professional;c. Pedraforca, 5;8033;;108;Consorci d'Educació de Barcelona;13;Barcelonès;8019;Barcelona;8;Nou Barris;1;Barcelona;431109,8923;4590304,025;2,175096;41,46137;a8078786@xtec.cat;EINF2C EPRI ESO;;EINF2C;EPRI;ESO;;;;;;;;;;;;;;;;;;;;;;;;;;;;;
8078798;Institut Escola Mestre Morera;1;Públic;1;Departament d'Educació i Formació Professional;c. Perafita, 48;8033;;108;Consorci d'Educació de Barcelona;13;Barcelonès;8019;Barcelona;8;Nou Barris;1;Barcelona;430519,2;4590083,6;2,168047;41,45933;a8078798@xtec.cat;EINF2C EPRI ESO;;EINF2C;EPRI;ESO;;;;;;;;;;;;;;;;;;;;;;;;;;;;;
8078865;Montiba;2;Privat;26;Societats Mercantils;ctra. Vallvidrera al Tibidabo, 102-104;8035;;108;Consorci d'Educació de Barcelona;13;Barcelonès;8019;Barcelona;5;Sarrià - Sant Gervasi;1;Barcelona;426384,8;4586177,8;2,119025;41,423788;a8078865@xtec.cat;EINF2C EPRI ESO;;EINF2C;EPRI;ESO;;;;;;;;;;;;;;;;;;;;;;;;;;;;;
8078981;URPIJ Hospital Universitari de la Vall d'Hebron - URPIJ;1;Públic;5;Altres Ens Públics;pg. de la Vall d'Hebron, 119-129;8035;;108;Consorci d'Educació de Barcelona;13;Barcelonès;8019;Barcelona;7;Horta - Guinardó;1;Barcelona;428344;4586591,5;2,142419;41,427692;a8078981@xtec.cat;EINF2C EPRI ESO;;EINF2C;EPRI;ESO;;;;;;;;;;;;;;;;;;;;;;;;;;;;;
8078993;URPIJ Hospital Clínic - URPIJ;2;Privat;29;Altres Titularitats;c. Villarroel, 170;8036;;108;Consorci d'Educació de Barcelona;13;Barcelonès;8019;Barcelona;2;Eixample;1;Barcelona;429079,5;4582305;2,151723;41,38915;a8078993@xtec.cat;EINF2C EPRI ESO;;EINF2C;EPRI;ESO;;;;;;;;;;;;;;;;;;;;;;;;;;;;;
8079006;UTCA Hospital Clínic - UTCA;2;Privat;29;Altres Titularitats;c. Villarroel, 170, escala 11, 3r.;8036;;108;Consorci d'Educació de Barcelona;13;Barcelonès;8019;Barcelona;2;Eixample;1;Barcelona;429079,5;4582305;2,151723;41,38915;a8079006@xtec.cat;EINF2C EPRI ESO;;EINF2C;EPRI;ESO;;;;;;;;;;;;;;;;;;;;;;;;;;;;;
8079274;Institut Escola La Flor de Maig;1;Públic;1;Departament d'Educació i Formació Professional;c. Sancho d'Àvila, 154;8018;;108;Consorci d'Educació de Barcelona;13;Barcelonès;8019;Barcelona;10;Sant Martí;1;Barcelona;432784,525;4583782,984;2,19587;41,40278;a8079274@xtec.cat;EINF2C EPRI ESO;;EINF2C;EPRI;ESO;;;;;;;;;;;;;;;;;;;;;;;;;;;;;
8079298;Institut Escola Enric Granados;1;Públic;1;Departament d'Educació i Formació Professional;pg. de la Zona Franca, 98;8038;933326247.0;108;Consorci d'Educació de Barcelona;13;Barcelonès;8019;Barcelona;3;Sants - Montjuïc;1;Barcelona;428203,655;4578740,701;2,14167;41,35697;a8079298@xtec.cat;EINF2C EPRI ESO;;EINF2C;EPRI;ESO;;;;;;;;;;;;;;;;;;;;;;;;;;;;;
8079304;Institut Escola Canyelles;1;Públic;1;Departament d'Educació i Formació Professional;c. Miguel Hernández, 11;8042;;108;Consorci d'Educació de Barcelona;13;Barcelonès;8019;Barcelona;8;Nou Barris;1;Barcelona;430138,314;4588243,659;2,1637;41,44273;a8079304@xtec.cat;EINF2C EPRI ESO;;EINF2C;EPRI;ESO;;;;;;;;;;;;;;;;;;;;;;;;;;;;;
